wavenumber_cm-1,reflectance_%
2000.302000,34.673177
2000.784000,34.663811
2001.266000,34.651182
2001.748000,34.635631
2002.230000,34.617502
2002.712000,34.597136
2003.194000,34.574876
2003.676000,34.551064
2004.158000,34.524529
2004.640000,34.498596
2005.122000,34.474537
2005.604000,34.449805
2006.086000,34.425184
2006.568000,34.399516
2007.050000,34.370580
2007.532000,34.343921
2008.014000,34.317022
2008.496000,34.289934
2008.978000,34.264847
2009.460000,34.237996
2009.942000,34.212564
2010.424000,34.187431
2010.906000,34.160484
2011.388000,34.136760
2011.870000,34.112359
2012.352000,34.090171
2012.834000,34.064145
2013.316000,34.037948
2013.798000,34.012311
2014.280000,33.985965
2014.762000,33.959889
2015.244000,33.933461
2015.726000,33.907659
2016.208000,33.879156
2016.690000,33.849264
2017.172000,33.817437
2017.654000,33.784971
2018.136000,33.754457
2018.618000,33.724325
2019.100000,33.694067
2019.582000,33.661787
2020.064000,33.633527
2020.546000,33.604403
2021.028000,33.575243
2021.510000,33.549521
2021.992000,33.523278
2022.474000,33.497547
2022.956000,33.470716
2023.438000,33.441789
2023.920000,33.410306
2024.402000,33.380487
2024.884000,33.349472
2025.366000,33.316987
2025.848000,33.283327
2026.330000,33.251247
2026.812000,33.219991
2027.294000,33.184803
2027.776000,33.153413
2028.258000,33.120443
2028.740000,33.087515
2029.222000,33.058100
2029.704000,33.026686
2030.186000,32.994423
2030.668000,32.962054
2031.150000,32.931471
2031.632000,32.901219
2032.114000,32.872181
2032.596000,32.845170
2033.078000,32.817833
2033.560000,32.791205
2034.042000,32.762729
2034.524000,32.736412
2035.006000,32.706611
2035.488000,32.677397
2035.970000,32.647394
2036.452000,32.612539
2036.934000,32.577078
2037.416000,32.544468
2037.898000,32.510920
2038.380000,32.476453
2038.862000,32.442517
2039.344000,32.406271
2039.826000,32.370836
2040.308000,32.335057
2040.790000,32.300769
2041.272000,32.267793
2041.754000,32.233223
2042.236000,32.199158
2042.718000,32.165978
2043.200000,32.132384
2043.682000,32.102324
2044.164000,32.076309
2044.646000,32.045590
2045.128000,32.014779
2045.610000,31.982935
2046.092000,31.951226
2046.574000,31.918401
2047.056000,31.883814
2047.538000,31.851089
2048.020000,31.816951
2048.502000,31.782480
2048.984000,31.747470
2049.466000,31.713057
2049.948000,31.681012
2050.430000,31.649296
2050.912000,31.618440
2051.394000,31.587248
2051.876000,31.557427
2052.358000,31.525258
2052.840000,31.494192
2053.322000,31.460994
2053.804000,31.431015
2054.286000,31.398360
2054.768000,31.367341
2055.250000,31.335444
2055.732000,31.303592
2056.214000,31.271507
2056.696000,31.241883
2057.178000,31.210449
2057.660000,31.182535
2058.142000,31.152527
2058.624000,31.121244
2059.106000,31.087226
2059.588000,31.055290
2060.070000,31.023658
2060.552000,30.995073
2061.034000,30.962558
2061.516000,30.931685
2061.998000,30.899897
2062.480000,30.867141
2062.962000,30.835043
2063.444000,30.802087
2063.926000,30.769795
2064.408000,30.734377
2064.890000,30.697309
2065.372000,30.659086
2065.854000,30.622069
2066.336000,30.586589
2066.818000,30.551132
2067.300000,30.520397
2067.782000,30.487726
2068.264000,30.455310
2068.746000,30.422773
2069.228000,30.391556
2069.710000,30.361299
2070.192000,30.328684
2070.674000,30.297601
2071.156000,30.261998
2071.638000,30.228480
2072.120000,30.192557
2072.602000,30.159884
2073.084000,30.125871
2073.566000,30.094142
2074.048000,30.063865
2074.530000,30.031819
2075.012000,30.000919
2075.494000,29.969228
2075.976000,29.940056
2076.458000,29.907812
2076.940000,29.879799
2077.422000,29.851964
2077.904000,29.822910
2078.386000,29.794185
2078.868000,29.764527
2079.350000,29.733945
2079.832000,29.704111
2080.314000,29.674437
2080.796000,29.641258
2081.278000,29.608166
2081.760000,29.577194
2082.242000,29.544047
2082.724000,29.512121
2083.206000,29.480823
2083.688000,29.452007
2084.170000,29.420129
2084.652000,29.386590
2085.134000,29.354858
2085.616000,29.323229
2086.098000,29.292323
2086.580000,29.262020
2087.062000,29.231919
2087.544000,29.199477
2088.026000,29.168216
2088.508000,29.141687
2088.990000,29.113691
2089.472000,29.085381
2089.954000,29.057125
2090.436000,29.026842
2090.918000,28.997850
2091.400000,28.968111
2091.882000,28.942038
2092.364000,28.915273
2092.846000,28.890140
2093.328000,28.864179
2093.810000,28.837302
2094.292000,28.806666
2094.774000,28.779979
2095.256000,28.754602
2095.738000,28.727047
2096.220000,28.698864
2096.702000,28.671733
2097.184000,28.644533
2097.666000,28.617795
2098.148000,28.590978
2098.630000,28.563934
2099.112000,28.540021
2099.594000,28.515013
2100.076000,28.490599
2100.558000,28.463009
2101.040000,28.436441
2101.522000,28.413817
2102.004000,28.388554
2102.486000,28.364601
2102.968000,28.341844
2103.450000,28.321847
2103.932000,28.299453
2104.414000,28.274433
2104.896000,28.251346
2105.378000,28.229509
2105.860000,28.208646
2106.342000,28.185513
2106.824000,28.163301
2107.306000,28.138347
2107.788000,28.112883
2108.270000,28.087659
2108.752000,28.062919
2109.234000,28.040754
2109.716000,28.017901
2110.198000,27.996151
2110.680000,27.971889
2111.162000,27.948316
2111.644000,27.928641
2112.126000,27.909702
2112.608000,27.891293
2113.090000,27.871973
2113.572000,27.852406
2114.054000,27.832941
2114.536000,27.813961
2115.018000,27.796506
2115.500000,27.778241
2115.982000,27.759046
2116.464000,27.738045
2116.946000,27.719297
2117.428000,27.700660
2117.910000,27.681955
2118.392000,27.664066
2118.874000,27.646555
2119.356000,27.628609
2119.838000,27.607742
2120.320000,27.588980
2120.802000,27.572273
2121.284000,27.556273
2121.766000,27.538865
2122.248000,27.519060
2122.730000,27.501704
2123.212000,27.485080
2123.694000,27.470275
2124.176000,27.454240
2124.658000,27.437474
2125.140000,27.422222
2125.622000,27.407278
2126.104000,27.390755
2126.586000,27.374430
2127.068000,27.359608
2127.550000,27.345829
2128.032000,27.331569
2128.514000,27.316248
2128.996000,27.300343
2129.478000,27.286173
2129.960000,27.272555
2130.442000,27.261639
2130.924000,27.247651
2131.406000,27.234273
2131.888000,27.222874
2132.370000,27.210816
2132.852000,27.199827
2133.334000,27.188610
2133.816000,27.176145
2134.298000,27.162957
2134.780000,27.148951
2135.262000,27.135493
2135.744000,27.122609
2136.226000,27.109635
2136.708000,27.098845
2137.190000,27.087964
2137.672000,27.074885
2138.154000,27.062741
2138.636000,27.050644
2139.118000,27.038402
2139.600000,27.027370
2140.082000,27.016026
2140.564000,27.005145
2141.046000,26.994993
2141.528000,26.986817
2142.010000,26.979684
2142.492000,26.973829
2142.974000,26.968164
2143.456000,26.963369
2143.938000,26.957924
2144.420000,26.953260
2144.902000,26.947440
2145.384000,26.941343
2145.866000,26.935013
2146.348000,26.928923
2146.830000,26.922644
2147.312000,26.916317
2147.794000,26.908434
2148.276000,26.902105
2148.758000,26.896841
2149.240000,26.891937
2149.722000,26.887660
2150.204000,26.881387
2150.686000,26.876468
2151.168000,26.871683
2151.650000,26.865256
2152.132000,26.859732
2152.614000,26.853101
2153.096000,26.848017
2153.578000,26.842964
2154.060000,26.837914
2154.542000,26.834088
2155.024000,26.833491
2155.506000,26.832388
2155.988000,26.830588
2156.470000,26.827534
2156.952000,26.823381
2157.434000,26.822344
2157.916000,26.818282
2158.398000,26.815178
2158.880000,26.811627
2159.362000,26.807610
2159.844000,26.807369
2160.326000,26.806313
2160.808000,26.805345
2161.290000,26.806101
2161.772000,26.806473
2162.254000,26.806340
2162.736000,26.808246
2163.218000,26.809524
2163.700000,26.811419
2164.182000,26.814755
2164.664000,26.815520
2165.146000,26.817828
2165.628000,26.816151
2166.110000,26.816858
2166.592000,26.817136
2167.074000,26.814884
2167.556000,26.813486
2168.038000,26.813545
2168.520000,26.812813
2169.002000,26.814930
2169.484000,26.817373
2169.966000,26.820847
2170.448000,26.827079
2170.930000,26.832274
2171.412000,26.837865
2171.894000,26.844696
2172.376000,26.850259
2172.858000,26.858536
2173.340000,26.862611
2173.822000,26.865158
2174.304000,26.869052
2174.786000,26.872188
2175.268000,26.875369
2175.750000,26.880160
2176.232000,26.884748
2176.714000,26.892983
2177.196000,26.901402
2177.678000,26.908603
2178.160000,26.918310
2178.642000,26.930314
2179.124000,26.943244
2179.606000,26.955110
2180.088000,26.964036
2180.570000,26.971952
2181.052000,26.981136
2181.534000,26.990436
2182.016000,27.000510
2182.498000,27.009504
2182.980000,27.017877
2183.462000,27.026197
2183.944000,27.033167
2184.426000,27.041376
2184.908000,27.050391
2185.390000,27.060361
2185.872000,27.070892
2186.354000,27.076681
2186.836000,27.082963
2187.318000,27.091325
2187.800000,27.099636
2188.282000,27.109472
2188.764000,27.120052
2189.246000,27.131352
2189.728000,27.142543
2190.210000,27.154280
2190.692000,27.166008
2191.174000,27.177822
2191.656000,27.190352
2192.138000,27.202808
2192.620000,27.215177
2193.102000,27.224731
2193.584000,27.237051
2194.066000,27.250888
2194.548000,27.262331
2195.030000,27.277151
2195.512000,27.293325
2195.994000,27.308089
2196.476000,27.322264
2196.958000,27.337298
2197.440000,27.351181
2197.922000,27.366245
2198.404000,27.379672
2198.886000,27.394586
2199.368000,27.409605
2199.850000,27.424615
2200.332000,27.438709
2200.814000,27.454686
2201.296000,27.468824
2201.778000,27.484937
2202.260000,27.502084
2202.742000,27.519253
2203.224000,27.536934
2203.706000,27.555543
2204.188000,27.573607
2204.670000,27.591745
2205.152000,27.608247
2205.634000,27.627431
2206.116000,27.644712
2206.598000,27.663073
2207.080000,27.680312
2207.562000,27.697254
2208.044000,27.713844
2208.526000,27.731218
2209.008000,27.750669
2209.490000,27.771172
2209.972000,27.791092
2210.454000,27.810652
2210.936000,27.828333
2211.418000,27.844941
2211.900000,27.862179
2212.382000,27.878927
2212.864000,27.896064
2213.346000,27.912930
2213.828000,27.930142
2214.310000,27.947157
2214.792000,27.966785
2215.274000,27.986748
2215.756000,28.009802
2216.238000,28.033922
2216.720000,28.055640
2217.202000,28.076551
2217.684000,28.097413
2218.166000,28.116538
2218.648000,28.135245
2219.130000,28.151305
2219.612000,28.168555
2220.094000,28.184161
2220.576000,28.202771
2221.058000,28.218177
2221.540000,28.237397
2222.022000,28.258119
2222.504000,28.280708
2222.986000,28.304313
2223.468000,28.327782
2223.950000,28.353352
2224.432000,28.378483
2224.914000,28.402651
2225.396000,28.428214
2225.878000,28.453105
2226.360000,28.479265
2226.842000,28.502305
2227.324000,28.525383
2227.806000,28.543055
2228.288000,28.566422
2228.770000,28.588564
2229.252000,28.612318
2229.734000,28.634821
2230.216000,28.658230
2230.698000,28.681373
2231.180000,28.701934
2231.662000,28.724622
2232.144000,28.745816
2232.626000,28.768183
2233.108000,28.789906
2233.590000,28.810064
2234.072000,28.832561
2234.554000,28.851024
2235.036000,28.872426
2235.518000,28.894455
2236.000000,28.917879
2236.482000,28.939158
2236.964000,28.962653
2237.446000,28.984588
2237.928000,29.003573
2238.410000,29.024613
2238.892000,29.045422
2239.374000,29.070112
2239.856000,29.091183
2240.338000,29.114038
2240.820000,29.136035
2241.302000,29.155261
2241.784000,29.175550
2242.266000,29.197652
2242.748000,29.219084
2243.230000,29.240214
2243.712000,29.261888
2244.194000,29.282216
2244.676000,29.302940
2245.158000,29.326137
2245.640000,29.351010
2246.122000,29.375294
2246.604000,29.397079
2247.086000,29.421229
2247.568000,29.443369
2248.050000,29.466501
2248.532000,29.489546
2249.014000,29.511360
2249.496000,29.533800
2249.978000,29.555843
2250.460000,29.577996
2250.942000,29.599440
2251.424000,29.621266
2251.906000,29.643776
2252.388000,29.667742
2252.870000,29.690379
2253.352000,29.712240
2253.834000,29.734147
2254.316000,29.758370
2254.798000,29.781780
2255.280000,29.804983
2255.762000,29.826630
2256.244000,29.850767
2256.726000,29.874616
2257.208000,29.897257
2257.690000,29.921272
2258.172000,29.945652
2258.654000,29.968683
2259.136000,29.991900
2259.618000,30.013880
2260.100000,30.034341
2260.582000,30.056231
2261.064000,30.080877
2261.546000,30.103467
2262.028000,30.125115
2262.510000,30.144492
2262.992000,30.166377
2263.474000,30.187481
2263.956000,30.209357
2264.438000,30.232575
2264.920000,30.253067
2265.402000,30.273689
2265.884000,30.295466
2266.366000,30.317530
2266.848000,30.339150
2267.330000,30.363514
2267.812000,30.387800
2268.294000,30.411249
2268.776000,30.432295
2269.258000,30.454322
2269.740000,30.476486
2270.222000,30.499342
2270.704000,30.524169
2271.186000,30.546834
2271.668000,30.568769
2272.150000,30.592715
2272.632000,30.615570
2273.114000,30.639378
2273.596000,30.662216
2274.078000,30.684295
2274.560000,30.704539
2275.042000,30.723825
2275.524000,30.743034
2276.006000,30.762225
2276.488000,30.778410
2276.970000,30.797854
2277.452000,30.819572
2277.934000,30.838401
2278.416000,30.859097
2278.898000,30.881671
2279.380000,30.905430
2279.862000,30.931665
2280.344000,30.955539
2280.826000,30.979955
2281.308000,31.002743
2281.790000,31.023791
2282.272000,31.044406
2282.754000,31.062050
2283.236000,31.078315
2283.718000,31.095425
2284.200000,31.110233
2284.682000,31.122485
2285.164000,31.137883
2285.646000,31.152799
2286.128000,31.169632
2286.610000,31.186927
2287.092000,31.204070
2287.574000,31.222386
2288.056000,31.238019
2288.538000,31.253584
2289.020000,31.268293
2289.502000,31.282928
2289.984000,31.299627
2290.466000,31.314367
2290.948000,31.327643
2291.430000,31.342816
2291.912000,31.358879
2292.394000,31.373345
2292.876000,31.390497
2293.358000,31.406127
2293.840000,31.422274
2294.322000,31.438504
2294.804000,31.450529
2295.286000,31.463306
2295.768000,31.476325
2296.250000,31.490269
2296.732000,31.505924
2297.214000,31.518501
2297.696000,31.532592
2298.178000,31.548595
2298.660000,31.564317
2299.142000,31.578782
2299.624000,31.595339
2300.106000,31.610494
2300.588000,31.626225
2301.070000,31.641945
2301.552000,31.654881
2302.034000,31.669658
2302.516000,31.682485
2302.998000,31.694230
2303.480000,31.704771
2303.962000,31.713353
2304.444000,31.722352
2304.926000,31.729587
2305.408000,31.735215
2305.890000,31.738861
2306.372000,31.743871
2306.854000,31.749325
2307.336000,31.755015
2307.818000,31.761863
2308.300000,31.769387
2308.782000,31.779445
2309.264000,31.789742
2309.746000,31.803373
2310.228000,31.819987
2310.710000,31.837525
2311.192000,31.855938
2311.674000,31.873897
2312.156000,31.893366
2312.638000,31.911751
2313.120000,31.930487
2313.602000,31.947169
2314.084000,31.961516
2314.566000,31.974675
2315.048000,31.986000
2315.530000,31.996369
2316.012000,32.004333
2316.494000,32.009974
2316.976000,32.015402
2317.458000,32.016988
2317.940000,32.020544
2318.422000,32.024886
2318.904000,32.030693
2319.386000,32.035584
2319.868000,32.041655
2320.350000,32.047297
2320.832000,32.053761
2321.314000,32.061994
2321.796000,32.069852
2322.278000,32.079270
2322.760000,32.090729
2323.242000,32.103081
2323.724000,32.118888
2324.206000,32.136682
2324.688000,32.156076
2325.170000,32.179509
2325.652000,32.204454
2326.134000,32.228709
2326.616000,32.253154
2327.098000,32.275645
2327.580000,32.298744
2328.062000,32.320743
2328.544000,32.339451
2329.026000,32.356522
2329.508000,32.372462
2329.990000,32.388221
2330.472000,32.402420
2330.954000,32.414321
2331.436000,32.424504
2331.918000,32.434868
2332.400000,32.441295
2332.882000,32.444800
2333.364000,32.447689
2333.846000,32.448951
2334.328000,32.450439
2334.810000,32.448345
2335.292000,32.445209
2335.774000,32.442107
2336.256000,32.436957
2336.738000,32.435026
2337.220000,32.431129
2337.702000,32.426043
2338.184000,32.420090
2338.666000,32.415187
2339.148000,32.412253
2339.630000,32.412802
2340.112000,32.417603
2340.594000,32.425461
2341.076000,32.438634
2341.558000,32.453860
2342.040000,32.471489
2342.522000,32.490624
2343.004000,32.506676
2343.486000,32.526338
2343.968000,32.540538
2344.450000,32.550980
2344.932000,32.557031
2345.414000,32.565062
2345.896000,32.572084
2346.378000,32.577716
2346.860000,32.585103
2347.342000,32.594751
2347.824000,32.606218
2348.306000,32.615102
2348.788000,32.624504
2349.270000,32.633219
2349.752000,32.641132
2350.234000,32.649821
2350.716000,32.654364
2351.198000,32.658665
2351.680000,32.663855
2352.162000,32.671214
2352.644000,32.679611
2353.126000,32.687898
2353.608000,32.699378
2354.090000,32.713718
2354.572000,32.726385
2355.054000,32.734699
2355.536000,32.743037
2356.018000,32.744051
2356.500000,32.744210
2356.982000,32.744003
2357.464000,32.740466
2357.946000,32.741188
2358.428000,32.744308
2358.910000,32.745936
2359.392000,32.753291
2359.874000,32.761617
2360.356000,32.773446
2360.838000,32.786912
2361.320000,32.791877
2361.802000,32.792880
2362.284000,32.791838
2362.766000,32.786049
2363.248000,32.780429
2363.730000,32.773497
2364.212000,32.763002
2364.694000,32.757437
2365.176000,32.755465
2365.658000,32.759193
2366.140000,32.774420
2366.622000,32.793962
2367.104000,32.818772
2367.586000,32.843676
2368.068000,32.865228
2368.550000,32.887935
2369.032000,32.908100
2369.514000,32.923933
2369.996000,32.934214
2370.478000,32.938191
2370.960000,32.936569
2371.442000,32.932593
2371.924000,32.929675
2372.406000,32.928872
2372.888000,32.930489
2373.370000,32.932983
2373.852000,32.937489
2374.334000,32.943198
2374.816000,32.951727
2375.298000,32.960111
2375.780000,32.971674
2376.262000,32.984441
2376.744000,32.998874
2377.226000,33.013247
2377.708000,33.027836
2378.190000,33.041507
2378.672000,33.055532
2379.154000,33.069707
2379.636000,33.083000
2380.118000,33.096806
2380.600000,33.110630
2381.082000,33.124693
2381.564000,33.137561
2382.046000,33.150201
2382.528000,33.165014
2383.010000,33.179261
2383.492000,33.193008
2383.974000,33.204292
2384.456000,33.217798
2384.938000,33.228382
2385.420000,33.238051
2385.902000,33.247063
2386.384000,33.254642
2386.866000,33.261205
2387.348000,33.265161
2387.830000,33.268500
2388.312000,33.269239
2388.794000,33.270427
2389.276000,33.268660
2389.758000,33.267097
2390.240000,33.263031
2390.722000,33.257106
2391.204000,33.255859
2391.686000,33.252457
2392.168000,33.251184
2392.650000,33.248904
2393.132000,33.248006
2393.614000,33.246370
2394.096000,33.245340
2394.578000,33.243151
2395.060000,33.240040
2395.542000,33.236884
2396.024000,33.231944
2396.506000,33.227803
2396.988000,33.221798
2397.470000,33.216682
2397.952000,33.212934
2398.434000,33.207567
2398.916000,33.203189
2399.398000,33.197935
2399.880000,33.195676
2400.362000,33.190625
2400.844000,33.184694
2401.326000,33.176117
2401.808000,33.168266
2402.290000,33.161276
2402.772000,33.153216
2403.254000,33.145145
2403.736000,33.137744
2404.218000,33.131011
2404.700000,33.122531
2405.182000,33.114031
2405.664000,33.105829
2406.146000,33.097120
2406.628000,33.089533
2407.110000,33.080625
2407.592000,33.071676
2408.074000,33.062134
2408.556000,33.053493
2409.038000,33.045657
2409.520000,33.038114
2410.002000,33.031563
2410.484000,33.025779
2410.966000,33.020392
2411.448000,33.015587
2411.930000,33.009867
2412.412000,33.002639
2412.894000,32.994934
2413.376000,32.986743
2413.858000,32.978757
2414.340000,32.968171
2414.822000,32.955077
2415.304000,32.943698
2415.786000,32.931589
2416.268000,32.918490
2416.750000,32.904310
2417.232000,32.890388
2417.714000,32.878490
2418.196000,32.868244
2418.678000,32.857417
2419.160000,32.846951
2419.642000,32.835285
2420.124000,32.822476
2420.606000,32.810880
2421.088000,32.797944
2421.570000,32.785006
2422.052000,32.773902
2422.534000,32.762125
2423.016000,32.750023
2423.498000,32.738978
2423.980000,32.727618
2424.462000,32.717265
2424.944000,32.706982
2425.426000,32.697888
2425.908000,32.688157
2426.390000,32.675280
2426.872000,32.663620
2427.354000,32.651961
2427.836000,32.638573
2428.318000,32.624027
2428.800000,32.610163
2429.282000,32.597240
2429.764000,32.584090
2430.246000,32.571834
2430.728000,32.556962
2431.210000,32.542905
2431.692000,32.528777
2432.174000,32.517352
2432.656000,32.505616
2433.138000,32.492882
2433.620000,32.481562
2434.102000,32.468712
2434.584000,32.454953
2435.066000,32.441329
2435.548000,32.429310
2436.030000,32.415779
2436.512000,32.402503
2436.994000,32.388061
2437.476000,32.372468
2437.958000,32.358683
2438.440000,32.343434
2438.922000,32.330097
2439.404000,32.314184
2439.886000,32.298627
2440.368000,32.282303
2440.850000,32.266744
2441.332000,32.251061
2441.814000,32.235825
2442.296000,32.222433
2442.778000,32.206647
2443.260000,32.192686
2443.742000,32.178784
2444.224000,32.165768
2444.706000,32.153118
2445.188000,32.139043
2445.670000,32.125092
2446.152000,32.111231
2446.634000,32.098515
2447.116000,32.085438
2447.598000,32.072350
2448.080000,32.058432
2448.562000,32.046310
2449.044000,32.033847
2449.526000,32.019921
2450.008000,32.006675
2450.490000,31.992181
2450.972000,31.976898
2451.454000,31.960941
2451.936000,31.946111
2452.418000,31.930072
2452.900000,31.914134
2453.382000,31.897402
2453.864000,31.881469
2454.346000,31.863495
2454.828000,31.847423
2455.310000,31.833731
2455.792000,31.817181
2456.274000,31.800785
2456.756000,31.784415
2457.238000,31.769060
2457.720000,31.755084
2458.202000,31.739692
2458.684000,31.725065
2459.166000,31.709573
2459.648000,31.693496
2460.130000,31.677599
2460.612000,31.662605
2461.094000,31.647724
2461.576000,31.633256
2462.058000,31.618494
2462.540000,31.601490
2463.022000,31.584180
2463.504000,31.566647
2463.986000,31.549590
2464.468000,31.531844
2464.950000,31.511299
2465.432000,31.491471
2465.914000,31.472367
2466.396000,31.452826
2466.878000,31.434849
2467.360000,31.418893
2467.842000,31.402751
2468.324000,31.386083
2468.806000,31.369726
2469.288000,31.354390
2469.770000,31.340273
2470.252000,31.326609
2470.734000,31.313176
2471.216000,31.299258
2471.698000,31.283178
2472.180000,31.267393
2472.662000,31.253815
2473.144000,31.241547
2473.626000,31.227997
2474.108000,31.213924
2474.590000,31.198212
2475.072000,31.182298
2475.554000,31.164308
2476.036000,31.146059
2476.518000,31.127531
2477.000000,31.110428
2477.482000,31.091833
2477.964000,31.073331
2478.446000,31.054075
2478.928000,31.036178
2479.410000,31.021058
2479.892000,31.008118
2480.374000,30.995319
2480.856000,30.982632
2481.338000,30.968261
2481.820000,30.953515
2482.302000,30.939974
2482.784000,30.925733
2483.266000,30.909891
2483.748000,30.894428
2484.230000,30.878284
2484.712000,30.861984
2485.194000,30.844532
2485.676000,30.828083
2486.158000,30.811254
2486.640000,30.797039
2487.122000,30.782886
2487.604000,30.766294
2488.086000,30.748083
2488.568000,30.729708
2489.050000,30.712795
2489.532000,30.692672
2490.014000,30.672633
2490.496000,30.653042
2490.978000,30.637673
2491.460000,30.621881
2491.942000,30.605163
2492.424000,30.587762
2492.906000,30.569818
2493.388000,30.553650
2493.870000,30.537981
2494.352000,30.521433
2494.834000,30.506111
2495.316000,30.489276
2495.798000,30.473233
2496.280000,30.457262
2496.762000,30.442882
2497.244000,30.430253
2497.726000,30.420240
2498.208000,30.409538
2498.690000,30.396864
2499.172000,30.382317
2499.654000,30.367294
2500.136000,30.350173
2500.618000,30.334265
2501.100000,30.318340
2501.582000,30.301301
2502.064000,30.281640
2502.546000,30.262019
2503.028000,30.243122
2503.510000,30.225758
2503.992000,30.211076
2504.474000,30.197998
2504.956000,30.184503
2505.438000,30.169027
2505.920000,30.153207
2506.402000,30.137583
2506.884000,30.120701
2507.366000,30.105939
2507.848000,30.090834
2508.330000,30.073255
2508.812000,30.056486
2509.294000,30.039539
2509.776000,30.023264
2510.258000,30.006834
2510.740000,29.991670
2511.222000,29.977289
2511.704000,29.960542
2512.186000,29.942710
2512.668000,29.926787
2513.150000,29.910971
2513.632000,29.895627
2514.114000,29.880348
2514.596000,29.864880
2515.078000,29.849582
2515.560000,29.836856
2516.042000,29.825953
2516.524000,29.812544
2517.006000,29.798628
2517.488000,29.785398
2517.970000,29.771896
2518.452000,29.755647
2518.934000,29.738578
2519.416000,29.723372
2519.898000,29.708316
2520.380000,29.693214
2520.862000,29.677798
2521.344000,29.664225
2521.826000,29.651874
2522.308000,29.641666
2522.790000,29.631199
2523.272000,29.619127
2523.754000,29.606826
2524.236000,29.593591
2524.718000,29.580761
2525.200000,29.568120
2525.682000,29.554793
2526.164000,29.542234
2526.646000,29.530468
2527.128000,29.517909
2527.610000,29.507233
2528.092000,29.495144
2528.574000,29.481556
2529.056000,29.469538
2529.538000,29.457031
2530.020000,29.445154
2530.502000,29.431349
2530.984000,29.417971
2531.466000,29.405536
2531.948000,29.394020
2532.430000,29.380849
2532.912000,29.369816
2533.394000,29.358487
2533.876000,29.345300
2534.358000,29.332065
2534.840000,29.317659
2535.322000,29.305649
2535.804000,29.294096
2536.286000,29.281900
2536.768000,29.270576
2537.250000,29.259514
2537.732000,29.249976
2538.214000,29.240223
2538.696000,29.231894
2539.178000,29.222817
2539.660000,29.213861
2540.142000,29.202405
2540.624000,29.189420
2541.106000,29.178462
2541.588000,29.167382
2542.070000,29.158432
2542.552000,29.146613
2543.034000,29.134635
2543.516000,29.124619
2543.998000,29.114536
2544.480000,29.104582
2544.962000,29.093502
2545.444000,29.083489
2545.926000,29.075075
2546.408000,29.067978
2546.890000,29.059103
2547.372000,29.051033
2547.854000,29.044616
2548.336000,29.036335
2548.818000,29.029378
2549.300000,29.020412
2549.782000,29.012741
2550.264000,29.006779
2550.746000,28.998844
2551.228000,28.989433
2551.710000,28.979871
2552.192000,28.970995
2552.674000,28.963575
2553.156000,28.956411
2553.638000,28.946848
2554.120000,28.938576
2554.602000,28.930126
2555.084000,28.921615
2555.566000,28.915307
2556.048000,28.909017
2556.530000,28.904580
2557.012000,28.900475
2557.494000,28.895527
2557.976000,28.889811
2558.458000,28.883735
2558.940000,28.876712
2559.422000,28.869329
2559.904000,28.863646
2560.386000,28.856894
2560.868000,28.849438
2561.350000,28.842207
2561.832000,28.834449
2562.314000,28.827874
2562.796000,28.822163
2563.278000,28.816953
2563.760000,28.812701
2564.242000,28.808293
2564.724000,28.804702
2565.206000,28.799668
2565.688000,28.793818
2566.170000,28.788495
2566.652000,28.783649
2567.134000,28.777671
2567.616000,28.770794
2568.098000,28.764413
2568.580000,28.758100
2569.062000,28.753270
2569.544000,28.749510
2570.026000,28.745476
2570.508000,28.741778
2570.990000,28.737147
2571.472000,28.733102
2571.954000,28.727656
2572.436000,28.722854
2572.918000,28.718666
2573.400000,28.714270
2573.882000,28.709352
2574.364000,28.704219
2574.846000,28.698694
2575.328000,28.693439
2575.810000,28.687752
2576.292000,28.682391
2576.774000,28.676829
2577.256000,28.671197
2577.738000,28.666575
2578.220000,28.662401
2578.702000,28.660528
2579.184000,28.659018
2579.666000,28.658770
2580.148000,28.658464
2580.630000,28.658677
2581.112000,28.658221
2581.594000,28.656975
2582.076000,28.657478
2582.558000,28.658433
2583.040000,28.658714
2583.522000,28.658440
2584.004000,28.656863
2584.486000,28.655671
2584.968000,28.654410
2585.450000,28.654046
2585.932000,28.652668
2586.414000,28.651782
2586.896000,28.650495
2587.378000,28.650890
2587.860000,28.651213
2588.342000,28.653070
2588.824000,28.656874
2589.306000,28.660026
2589.788000,28.662946
2590.270000,28.666937
2590.752000,28.668317
2591.234000,28.670116
2591.716000,28.670003
2592.198000,28.669416
2592.680000,28.669307
2593.162000,28.667717
2593.644000,28.664668
2594.126000,28.662502
2594.608000,28.660968
2595.090000,28.658556
2595.572000,28.654926
2596.054000,28.652902
2596.536000,28.652958
2597.018000,28.653472
2597.500000,28.652273
2597.982000,28.651936
2598.464000,28.651598
2598.946000,28.653013
2599.428000,28.655289
2599.910000,28.655987
2600.392000,28.657400
2600.874000,28.661474
2601.356000,28.665460
2601.838000,28.668318
2602.320000,28.671306
2602.802000,28.675761
2603.284000,28.679736
2603.766000,28.682842
2604.248000,28.684931
2604.730000,28.686064
2605.212000,28.687535
2605.694000,28.689182
2606.176000,28.690809
2606.658000,28.692859
2607.140000,28.696689
2607.622000,28.701298
2608.104000,28.705130
2608.586000,28.709888
2609.068000,28.714046
2609.550000,28.717741
2610.032000,28.720392
2610.514000,28.722661
2610.996000,28.724052
2611.478000,28.724978
2611.960000,28.727861
2612.442000,28.731758
2612.924000,28.736254
2613.406000,28.742388
2613.888000,28.748910
2614.370000,28.755092
2614.852000,28.762274
2615.334000,28.770291
2615.816000,28.776517
2616.298000,28.783400
2616.780000,28.788335
2617.262000,28.794862
2617.744000,28.800771
2618.226000,28.805975
2618.708000,28.812054
2619.190000,28.817016
2619.672000,28.821575
2620.154000,28.826970
2620.636000,28.832585
2621.118000,28.838111
2621.600000,28.845606
2622.082000,28.853052
2622.564000,28.859648
2623.046000,28.867824
2623.528000,28.875235
2624.010000,28.883392
2624.492000,28.890483
2624.974000,28.897418
2625.456000,28.904412
2625.938000,28.910920
2626.420000,28.918441
2626.902000,28.925930
2627.384000,28.933381
2627.866000,28.941453
2628.348000,28.949643
2628.830000,28.957128
2629.312000,28.964104
2629.794000,28.972155
2630.276000,28.979037
2630.758000,28.984485
2631.240000,28.990769
2631.722000,28.997932
2632.204000,29.005865
2632.686000,29.016721
2633.168000,29.028265
2633.650000,29.039795
2634.132000,29.051658
2634.614000,29.064621
2635.096000,29.076184
2635.578000,29.087044
2636.060000,29.097945
2636.542000,29.109505
2637.024000,29.118703
2637.506000,29.128005
2637.988000,29.137883
2638.470000,29.148330
2638.952000,29.159282
2639.434000,29.171278
2639.916000,29.182118
2640.398000,29.192298
2640.880000,29.202296
2641.362000,29.213018
2641.844000,29.222557
2642.326000,29.232376
2642.808000,29.242406
2643.290000,29.252862
2643.772000,29.259389
2644.254000,29.267620
2644.736000,29.276767
2645.218000,29.286258
2645.700000,29.295322
2646.182000,29.303785
2646.664000,29.311750
2647.146000,29.318826
2647.628000,29.326854
2648.110000,29.336140
2648.592000,29.345344
2649.074000,29.354679
2649.556000,29.365528
2650.038000,29.376558
2650.520000,29.386983
2651.002000,29.400420
2651.484000,29.413202
2651.966000,29.425453
2652.448000,29.437701
2652.930000,29.449600
2653.412000,29.459172
2653.894000,29.466613
2654.376000,29.473462
2654.858000,29.481492
2655.340000,29.489557
2655.822000,29.499293
2656.304000,29.510097
2656.786000,29.522033
2657.268000,29.536153
2657.750000,29.549520
2658.232000,29.561469
2658.714000,29.574785
2659.196000,29.587259
2659.678000,29.598080
2660.160000,29.609141
2660.642000,29.621076
2661.124000,29.632317
2661.606000,29.644343
2662.088000,29.656909
2662.570000,29.670029
2663.052000,29.682374
2663.534000,29.695166
2664.016000,29.708056
2664.498000,29.719491
2664.980000,29.730781
2665.462000,29.743044
2665.944000,29.753725
2666.426000,29.765239
2666.908000,29.777348
2667.390000,29.788685
2667.872000,29.799790
2668.354000,29.811193
2668.836000,29.823627
2669.318000,29.834403
2669.800000,29.844512
2670.282000,29.854365
2670.764000,29.865125
2671.246000,29.876399
2671.728000,29.888245
2672.210000,29.900824
2672.692000,29.912629
2673.174000,29.924553
2673.656000,29.934605
2674.138000,29.945766
2674.620000,29.958162
2675.102000,29.969355
2675.584000,29.979861
2676.066000,29.988125
2676.548000,29.997851
2677.030000,30.008886
2677.512000,30.020940
2677.994000,30.033040
2678.476000,30.045151
2678.958000,30.056959
2679.440000,30.067948
2679.922000,30.080248
2680.404000,30.091737
2680.886000,30.104366
2681.368000,30.117746
2681.850000,30.131088
2682.332000,30.143478
2682.814000,30.154902
2683.296000,30.168460
2683.778000,30.182348
2684.260000,30.196014
2684.742000,30.208035
2685.224000,30.218748
2685.706000,30.229477
2686.188000,30.239608
2686.670000,30.249110
2687.152000,30.258407
2687.634000,30.268698
2688.116000,30.280228
2688.598000,30.292059
2689.080000,30.302510
2689.562000,30.314519
2690.044000,30.328644
2690.526000,30.342658
2691.008000,30.355841
2691.490000,30.369520
2691.972000,30.382579
2692.454000,30.396673
2692.936000,30.408268
2693.418000,30.417542
2693.900000,30.428466
2694.382000,30.439893
2694.864000,30.451183
2695.346000,30.463075
2695.828000,30.472546
2696.310000,30.485223
2696.792000,30.498484
2697.274000,30.511569
2697.756000,30.524199
2698.238000,30.537160
2698.720000,30.549882
2699.202000,30.563357
2699.684000,30.576238
2700.166000,30.589604
2700.648000,30.603906
2701.130000,30.618018
2701.612000,30.630288
2702.094000,30.641893
2702.576000,30.652256
2703.058000,30.664370
2703.540000,30.673866
2704.022000,30.681379
2704.504000,30.690277
2704.986000,30.700526
2705.468000,30.711550
2705.950000,30.723470
2706.432000,30.737114
2706.914000,30.752173
2707.396000,30.768414
2707.878000,30.785438
2708.360000,30.801292
2708.842000,30.816732
2709.324000,30.831743
2709.806000,30.844511
2710.288000,30.855265
2710.770000,30.865866
2711.252000,30.877490
2711.734000,30.888237
2712.216000,30.897155
2712.698000,30.904945
2713.180000,30.914537
2713.662000,30.924290
2714.144000,30.935436
2714.626000,30.947198
2715.108000,30.958339
2715.590000,30.969643
2716.072000,30.981526
2716.554000,30.994608
2717.036000,31.008903
2717.518000,31.022577
2718.000000,31.036303
2718.482000,31.049476
2718.964000,31.061354
2719.446000,31.070507
2719.928000,31.080349
2720.410000,31.088723
2720.892000,31.097086
2721.374000,31.106277
2721.856000,31.115145
2722.338000,31.123674
2722.820000,31.133674
2723.302000,31.144936
2723.784000,31.157309
2724.266000,31.168658
2724.748000,31.180529
2725.230000,31.192706
2725.712000,31.204874
2726.194000,31.214682
2726.676000,31.226010
2727.158000,31.236865
2727.640000,31.246245
2728.122000,31.256536
2728.604000,31.266441
2729.086000,31.275206
2729.568000,31.283605
2730.050000,31.291029
2730.532000,31.299181
2731.014000,31.307652
2731.496000,31.315503
2731.978000,31.324782
2732.460000,31.334156
2732.942000,31.344026
2733.424000,31.356407
2733.906000,31.367739
2734.388000,31.378681
2734.870000,31.391712
2735.352000,31.404294
2735.834000,31.415937
2736.316000,31.425919
2736.798000,31.435540
2737.280000,31.444888
2737.762000,31.454115
2738.244000,31.461640
2738.726000,31.470090
2739.208000,31.479893
2739.690000,31.490705
2740.172000,31.501899
2740.654000,31.513049
2741.136000,31.525359
2741.618000,31.537164
2742.100000,31.548106
2742.582000,31.557706
2743.064000,31.565694
2743.546000,31.572729
2744.028000,31.579002
2744.510000,31.586308
2744.992000,31.593145
2745.474000,31.600190
2745.956000,31.608734
2746.438000,31.618429
2746.920000,31.628907
2747.402000,31.640095
2747.884000,31.650861
2748.366000,31.660484
2748.848000,31.668810
2749.330000,31.675545
2749.812000,31.682828
2750.294000,31.688403
2750.776000,31.694163
2751.258000,31.700298
2751.740000,31.706255
2752.222000,31.711302
2752.704000,31.716836
2753.186000,31.723433
2753.668000,31.730510
2754.150000,31.738420
2754.632000,31.745585
2755.114000,31.750733
2755.596000,31.754738
2756.078000,31.759756
2756.560000,31.765219
2757.042000,31.771228
2757.524000,31.778819
2758.006000,31.787183
2758.488000,31.794540
2758.970000,31.800829
2759.452000,31.808137
2759.934000,31.816788
2760.416000,31.826197
2760.898000,31.834701
2761.380000,31.840035
2761.862000,31.845239
2762.344000,31.851219
2762.826000,31.858038
2763.308000,31.865302
2763.790000,31.873830
2764.272000,31.881632
2764.754000,31.888319
2765.236000,31.893910
2765.718000,31.900642
2766.200000,31.908296
2766.682000,31.915727
2767.164000,31.922455
2767.646000,31.927811
2768.128000,31.933561
2768.610000,31.941189
2769.092000,31.947695
2769.574000,31.952455
2770.056000,31.957764
2770.538000,31.962652
2771.020000,31.966909
2771.502000,31.970584
2771.984000,31.973493
2772.466000,31.976846
2772.948000,31.980773
2773.430000,31.983934
2773.912000,31.988015
2774.394000,31.993001
2774.876000,31.998588
2775.358000,32.003870
2775.840000,32.008742
2776.322000,32.013755
2776.804000,32.019804
2777.286000,32.023290
2777.768000,32.027013
2778.250000,32.032071
2778.732000,32.036029
2779.214000,32.040618
2779.696000,32.044595
2780.178000,32.048370
2780.660000,32.052431
2781.142000,32.055382
2781.624000,32.057545
2782.106000,32.060524
2782.588000,32.064105
2783.070000,32.068017
2783.552000,32.070890
2784.034000,32.071620
2784.516000,32.074585
2784.998000,32.079970
2785.480000,32.084598
2785.962000,32.090112
2786.444000,32.094180
2786.926000,32.098269
2787.408000,32.100507
2787.890000,32.101642
2788.372000,32.101792
2788.854000,32.101079
2789.336000,32.100975
2789.818000,32.101798
2790.300000,32.102443
2790.782000,32.102398
2791.264000,32.102253
2791.746000,32.103925
2792.228000,32.105149
2792.710000,32.107802
2793.192000,32.110959
2793.674000,32.114376
2794.156000,32.116456
2794.638000,32.118730
2795.120000,32.120088
2795.602000,32.120502
2796.084000,32.122915
2796.566000,32.125548
2797.048000,32.127301
2797.530000,32.128632
2798.012000,32.128645
2798.494000,32.130490
2798.976000,32.132925
2799.458000,32.136473
2799.940000,32.141122
2800.422000,32.143661
2800.904000,32.143751
2801.386000,32.143861
2801.868000,32.143763
2802.350000,32.142616
2802.832000,32.141014
2803.314000,32.138624
2803.796000,32.135897
2804.278000,32.135555
2804.760000,32.136936
2805.242000,32.137658
2805.724000,32.138665
2806.206000,32.139919
2806.688000,32.140901
2807.170000,32.140149
2807.652000,32.138137
2808.134000,32.137063
2808.616000,32.136455
2809.098000,32.135251
2809.580000,32.133377
2810.062000,32.132563
2810.544000,32.132998
2811.026000,32.135422
2811.508000,32.136743
2811.990000,32.135346
2812.472000,32.134739
2812.954000,32.133860
2813.436000,32.132106
2813.918000,32.130637
2814.400000,32.127014
2814.882000,32.125409
2815.364000,32.124445
2815.846000,32.121104
2816.328000,32.117891
2816.810000,32.115970
2817.292000,32.113087
2817.774000,32.109925
2818.256000,32.107432
2818.738000,32.106460
2819.220000,32.106418
2819.702000,32.105879
2820.184000,32.106128
2820.666000,32.106938
2821.148000,32.106588
2821.630000,32.108955
2822.112000,32.109926
2822.594000,32.108358
2823.076000,32.107056
2823.558000,32.103771
2824.040000,32.099421
2824.522000,32.094444
2825.004000,32.089719
2825.486000,32.085629
2825.968000,32.080535
2826.450000,32.073600
2826.932000,32.067384
2827.414000,32.061926
2827.896000,32.055719
2828.378000,32.050687
2828.860000,32.045575
2829.342000,32.040867
2829.824000,32.036144
2830.306000,32.031403
2830.788000,32.029558
2831.270000,32.027793
2831.752000,32.026788
2832.234000,32.027722
2832.716000,32.026758
2833.198000,32.024802
2833.680000,32.023540
2834.162000,32.021946
2834.644000,32.018772
2835.126000,32.015945
2835.608000,32.012046
2836.090000,32.007559
2836.572000,32.003794
2837.054000,32.000254
2837.536000,31.997686
2838.018000,31.994096
2838.500000,31.990041
2838.982000,31.985452
2839.464000,31.979114
2839.946000,31.973583
2840.428000,31.968537
2840.910000,31.963832
2841.392000,31.960231
2841.874000,31.957448
2842.356000,31.954091
2842.838000,31.950796
2843.320000,31.949141
2843.802000,31.946386
2844.284000,31.942181
2844.766000,31.936608
2845.248000,31.930894
2845.730000,31.923998
2846.212000,31.918889
2846.694000,31.912764
2847.176000,31.905816
2847.658000,31.899582
2848.140000,31.893536
2848.622000,31.887967
2849.104000,31.881547
2849.586000,31.874931
2850.068000,31.868740
2850.550000,31.861486
2851.032000,31.853920
2851.514000,31.846429
2851.996000,31.839592
2852.478000,31.833013
2852.960000,31.827247
2853.442000,31.820047
2853.924000,31.812734
2854.406000,31.805695
2854.888000,31.798153
2855.370000,31.791465
2855.852000,31.785106
2856.334000,31.780575
2856.816000,31.775594
2857.298000,31.771152
2857.780000,31.768559
2858.262000,31.765171
2858.744000,31.761806
2859.226000,31.758356
2859.708000,31.753426
2860.190000,31.748197
2860.672000,31.740552
2861.154000,31.731775
2861.636000,31.723203
2862.118000,31.714600
2862.600000,31.706906
2863.082000,31.698786
2863.564000,31.689095
2864.046000,31.681128
2864.528000,31.673238
2865.010000,31.664244
2865.492000,31.655313
2865.974000,31.646108
2866.456000,31.636602
2866.938000,31.627149
2867.420000,31.617344
2867.902000,31.609445
2868.384000,31.602868
2868.866000,31.596555
2869.348000,31.590841
2869.830000,31.584560
2870.312000,31.578498
2870.794000,31.574232
2871.276000,31.567988
2871.758000,31.562012
2872.240000,31.555089
2872.722000,31.547288
2873.204000,31.539726
2873.686000,31.531689
2874.168000,31.523987
2874.650000,31.515775
2875.132000,31.506443
2875.614000,31.496799
2876.096000,31.487406
2876.578000,31.479002
2877.060000,31.470616
2877.542000,31.462835
2878.024000,31.453360
2878.506000,31.444523
2878.988000,31.436247
2879.470000,31.427644
2879.952000,31.419505
2880.434000,31.412398
2880.916000,31.405604
2881.398000,31.398702
2881.880000,31.391016
2882.362000,31.383019
2882.844000,31.374971
2883.326000,31.367326
2883.808000,31.358650
2884.290000,31.349739
2884.772000,31.341473
2885.254000,31.334264
2885.736000,31.327775
2886.218000,31.320736
2886.700000,31.313456
2887.182000,31.306680
2887.664000,31.298810
2888.146000,31.289814
2888.628000,31.279064
2889.110000,31.267947
2889.592000,31.257770
2890.074000,31.247196
2890.556000,31.235978
2891.038000,31.225704
2891.520000,31.217456
2892.002000,31.210450
2892.484000,31.202571
2892.966000,31.194004
2893.448000,31.185385
2893.930000,31.175985
2894.412000,31.166150
2894.894000,31.157113
2895.376000,31.149516
2895.858000,31.142893
2896.340000,31.137466
2896.822000,31.130022
2897.304000,31.122247
2897.786000,31.115759
2898.268000,31.110211
2898.750000,31.104906
2899.232000,31.097929
2899.714000,31.090199
2900.196000,31.082252
2900.678000,31.073658
2901.160000,31.065834
2901.642000,31.057627
2902.124000,31.048925
2902.606000,31.039539
2903.088000,31.028670
2903.570000,31.016904
2904.052000,31.005592
2904.534000,30.995335
2905.016000,30.985149
2905.498000,30.974942
2905.980000,30.964393
2906.462000,30.954162
2906.944000,30.945457
2907.426000,30.938570
2907.908000,30.932651
2908.390000,30.926220
2908.872000,30.920475
2909.354000,30.914930
2909.836000,30.908262
2910.318000,30.901765
2910.800000,30.895307
2911.282000,30.889379
2911.764000,30.882770
2912.246000,30.874868
2912.728000,30.866140
2913.210000,30.856222
2913.692000,30.845377
2914.174000,30.834078
2914.656000,30.823224
2915.138000,30.812511
2915.620000,30.801743
2916.102000,30.790786
2916.584000,30.779393
2917.066000,30.769945
2917.548000,30.762222
2918.030000,30.755175
2918.512000,30.748283
2918.994000,30.740793
2919.476000,30.732179
2919.958000,30.722710
2920.440000,30.712531
2920.922000,30.703245
2921.404000,30.694647
2921.886000,30.685318
2922.368000,30.675426
2922.850000,30.665066
2923.332000,30.655013
2923.814000,30.646750
2924.296000,30.637173
2924.778000,30.627610
2925.260000,30.618585
2925.742000,30.610333
2926.224000,30.601739
2926.706000,30.592935
2927.188000,30.584316
2927.670000,30.576597
2928.152000,30.568878
2928.634000,30.560213
2929.116000,30.551406
2929.598000,30.542882
2930.080000,30.534366
2930.562000,30.525255
2931.044000,30.515692
2931.526000,30.507615
2932.008000,30.499105
2932.490000,30.490283
2932.972000,30.480615
2933.454000,30.470676
2933.936000,30.462312
2934.418000,30.454836
2934.900000,30.447579
2935.382000,30.440898
2935.864000,30.435796
2936.346000,30.431593
2936.828000,30.426890
2937.310000,30.420985
2937.792000,30.415548
2938.274000,30.411069
2938.756000,30.403975
2939.238000,30.394588
2939.720000,30.384048
2940.202000,30.373830
2940.684000,30.364269
2941.166000,30.355020
2941.648000,30.345707
2942.130000,30.336702
2942.612000,30.328407
2943.094000,30.321087
2943.576000,30.313565
2944.058000,30.304796
2944.540000,30.296999
2945.022000,30.289854
2945.504000,30.281218
2945.986000,30.272743
2946.468000,30.262807
2946.950000,30.252748
2947.432000,30.243006
2947.914000,30.232728
2948.396000,30.221520
2948.878000,30.211684
2949.360000,30.203999
2949.842000,30.196615
2950.324000,30.187971
2950.806000,30.179107
2951.288000,30.171829
2951.770000,30.164490
2952.252000,30.158076
2952.734000,30.152279
2953.216000,30.144329
2953.698000,30.136350
2954.180000,30.129002
2954.662000,30.122238
2955.144000,30.116194
2955.626000,30.111234
2956.108000,30.106784
2956.590000,30.100685
2957.072000,30.094375
2957.554000,30.088365
2958.036000,30.082990
2958.518000,30.077240
2959.000000,30.071078
2959.482000,30.064417
2959.964000,30.057242
2960.446000,30.050302
2960.928000,30.043505
2961.410000,30.037043
2961.892000,30.030220
2962.374000,30.023599
2962.856000,30.017250
2963.338000,30.010429
2963.820000,30.004780
2964.302000,29.999834
2964.784000,29.996284
2965.266000,29.992409
2965.748000,29.987565
2966.230000,29.984068
2966.712000,29.979994
2967.194000,29.974861
2967.676000,29.969327
2968.158000,29.962935
2968.640000,29.956493
2969.122000,29.950623
2969.604000,29.943681
2970.086000,29.935660
2970.568000,29.927397
2971.050000,29.919740
2971.532000,29.912252
2972.014000,29.903540
2972.496000,29.895069
2972.978000,29.887136
2973.460000,29.878606
2973.942000,29.871100
2974.424000,29.864541
2974.906000,29.858556
2975.388000,29.854268
2975.870000,29.850086
2976.352000,29.844846
2976.834000,29.839383
2977.316000,29.835603
2977.798000,29.832835
2978.280000,29.828247
2978.762000,29.823515
2979.244000,29.819468
2979.726000,29.816244
2980.208000,29.812139
2980.690000,29.807502
2981.172000,29.802053
2981.654000,29.795920
2982.136000,29.788107
2982.618000,29.779917
2983.100000,29.773254
2983.582000,29.766700
2984.064000,29.761798
2984.546000,29.756342
2985.028000,29.749186
2985.510000,29.745505
2985.992000,29.744768
2986.474000,29.745255
2986.956000,29.745491
2987.438000,29.746525
2987.920000,29.747298
2988.402000,29.748514
2988.884000,29.749174
2989.366000,29.750639
2989.848000,29.752212
2990.330000,29.752588
2990.812000,29.751619
2991.294000,29.747604
2991.776000,29.743335
2992.258000,29.739813
2992.740000,29.735536
2993.222000,29.730407
2993.704000,29.725024
2994.186000,29.719446
2994.668000,29.714354
2995.150000,29.710090
2995.632000,29.705677
2996.114000,29.702415
2996.596000,29.700073
2997.078000,29.698490
2997.560000,29.695212
2998.042000,29.691942
2998.524000,29.689287
2999.006000,29.686065
2999.488000,29.683331
2999.970000,29.681393
3000.452000,29.679802
3000.934000,29.678661
3001.416000,29.678593
3001.898000,29.677502
3002.380000,29.675260
3002.862000,29.672035
3003.344000,29.667662
3003.826000,29.663470
3004.308000,29.658301
3004.790000,29.653432
3005.272000,29.649178
3005.754000,29.645954
3006.236000,29.643601
3006.718000,29.641819
3007.200000,29.641295
3007.682000,29.641649
3008.164000,29.642135
3008.646000,29.641497
3009.128000,29.640204
3009.610000,29.637764
3010.092000,29.636396
3010.574000,29.635959
3011.056000,29.634424
3011.538000,29.633674
3012.020000,29.633138
3012.502000,29.631414
3012.984000,29.630260
3013.466000,29.630474
3013.948000,29.632523
3014.430000,29.633567
3014.912000,29.632322
3015.394000,29.631039
3015.876000,29.628977
3016.358000,29.627367
3016.840000,29.627475
3017.322000,29.626020
3017.804000,29.624567
3018.286000,29.624121
3018.768000,29.622432
3019.250000,29.621555
3019.732000,29.622891
3020.214000,29.625102
3020.696000,29.626290
3021.178000,29.625477
3021.660000,29.623298
3022.142000,29.621539
3022.624000,29.621006
3023.106000,29.621780
3023.588000,29.622848
3024.070000,29.624252
3024.552000,29.626408
3025.034000,29.629032
3025.516000,29.630554
3025.998000,29.631695
3026.480000,29.634142
3026.962000,29.635604
3027.444000,29.635401
3027.926000,29.634774
3028.408000,29.634085
3028.890000,29.633786
3029.372000,29.632817
3029.854000,29.630661
3030.336000,29.629522
3030.818000,29.629640
3031.300000,29.628471
3031.782000,29.627083
3032.264000,29.625480
3032.746000,29.623336
3033.228000,29.622351
3033.710000,29.621317
3034.192000,29.620216
3034.674000,29.619393
3035.156000,29.618841
3035.638000,29.618696
3036.120000,29.619702
3036.602000,29.622351
3037.084000,29.624764
3037.566000,29.628793
3038.048000,29.633372
3038.530000,29.638281
3039.012000,29.645899
3039.494000,29.651497
3039.976000,29.656655
3040.458000,29.663653
3040.940000,29.668857
3041.422000,29.672171
3041.904000,29.674574
3042.386000,29.677986
3042.868000,29.681499
3043.350000,29.682797
3043.832000,29.683636
3044.314000,29.685750
3044.796000,29.687885
3045.278000,29.691022
3045.760000,29.695716
3046.242000,29.699803
3046.724000,29.704304
3047.206000,29.709286
3047.688000,29.712157
3048.170000,29.714341
3048.652000,29.717139
3049.134000,29.719252
3049.616000,29.719958
3050.098000,29.718646
3050.580000,29.718265
3051.062000,29.718626
3051.544000,29.720341
3052.026000,29.722931
3052.508000,29.726492
3052.990000,29.730811
3053.472000,29.734139
3053.954000,29.737337
3054.436000,29.740525
3054.918000,29.744667
3055.400000,29.750026
3055.882000,29.754198
3056.364000,29.757836
3056.846000,29.760426
3057.328000,29.763821
3057.810000,29.767112
3058.292000,29.770700
3058.774000,29.774626
3059.256000,29.779451
3059.738000,29.784551
3060.220000,29.789479
3060.702000,29.793533
3061.184000,29.798405
3061.666000,29.804689
3062.148000,29.811378
3062.630000,29.816841
3063.112000,29.822157
3063.594000,29.827739
3064.076000,29.831345
3064.558000,29.835472
3065.040000,29.841152
3065.522000,29.846491
3066.004000,29.852727
3066.486000,29.858712
3066.968000,29.863934
3067.450000,29.869393
3067.932000,29.874661
3068.414000,29.880256
3068.896000,29.886702
3069.378000,29.891624
3069.860000,29.895679
3070.342000,29.899881
3070.824000,29.904037
3071.306000,29.909561
3071.788000,29.914218
3072.270000,29.916855
3072.752000,29.919697
3073.234000,29.920568
3073.716000,29.921507
3074.198000,29.924275
3074.680000,29.927531
3075.162000,29.931849
3075.644000,29.937926
3076.126000,29.943789
3076.608000,29.949872
3077.090000,29.956845
3077.572000,29.965725
3078.054000,29.974796
3078.536000,29.984080
3079.018000,29.992059
3079.500000,30.000016
3079.982000,30.006991
3080.464000,30.014089
3080.946000,30.020378
3081.428000,30.025686
3081.910000,30.029603
3082.392000,30.033856
3082.874000,30.038473
3083.356000,30.042654
3083.838000,30.046723
3084.320000,30.051688
3084.802000,30.056760
3085.284000,30.062430
3085.766000,30.066893
3086.248000,30.071267
3086.730000,30.075604
3087.212000,30.078619
3087.694000,30.080710
3088.176000,30.084361
3088.658000,30.089437
3089.140000,30.095292
3089.622000,30.101998
3090.104000,30.110786
3090.586000,30.120725
3091.068000,30.130614
3091.550000,30.140920
3092.032000,30.150145
3092.514000,30.158489
3092.996000,30.166688
3093.478000,30.173038
3093.960000,30.177891
3094.442000,30.183729
3094.924000,30.190136
3095.406000,30.195700
3095.888000,30.201135
3096.370000,30.208015
3096.852000,30.216426
3097.334000,30.224866
3097.816000,30.232812
3098.298000,30.240913
3098.780000,30.248382
3099.262000,30.255429
3099.744000,30.262096
3100.226000,30.267240
3100.708000,30.271713
3101.190000,30.277049
3101.672000,30.281899
3102.154000,30.286547
3102.636000,30.293308
3103.118000,30.301669
3103.600000,30.310513
3104.082000,30.319801
3104.564000,30.328334
3105.046000,30.337369
3105.528000,30.346401
3106.010000,30.354681
3106.492000,30.362413
3106.974000,30.369556
3107.456000,30.375768
3107.938000,30.381226
3108.420000,30.386588
3108.902000,30.391821
3109.384000,30.397301
3109.866000,30.402043
3110.348000,30.407251
3110.830000,30.412373
3111.312000,30.416891
3111.794000,30.421877
3112.276000,30.426354
3112.758000,30.431648
3113.240000,30.437690
3113.722000,30.443726
3114.204000,30.450975
3114.686000,30.458769
3115.168000,30.468098
3115.650000,30.477585
3116.132000,30.485715
3116.614000,30.494547
3117.096000,30.503682
3117.578000,30.510378
3118.060000,30.514841
3118.542000,30.518465
3119.024000,30.522031
3119.506000,30.525749
3119.988000,30.528315
3120.470000,30.529391
3120.952000,30.530930
3121.434000,30.533767
3121.916000,30.537807
3122.398000,30.542288
3122.880000,30.547191
3123.362000,30.553139
3123.844000,30.558128
3124.326000,30.563735
3124.808000,30.570885
3125.290000,30.580692
3125.772000,30.592026
3126.254000,30.602908
3126.736000,30.612739
3127.218000,30.621272
3127.700000,30.629346
3128.182000,30.637651
3128.664000,30.645049
3129.146000,30.651765
3129.628000,30.658232
3130.110000,30.662935
3130.592000,30.667381
3131.074000,30.674232
3131.556000,30.682039
3132.038000,30.690644
3132.520000,30.698222
3133.002000,30.705818
3133.484000,30.714070
3133.966000,30.723217
3134.448000,30.733350
3134.930000,30.743383
3135.412000,30.753517
3135.894000,30.763213
3136.376000,30.771369
3136.858000,30.778535
3137.340000,30.786353
3137.822000,30.793790
3138.304000,30.799569
3138.786000,30.803145
3139.268000,30.806024
3139.750000,30.809625
3140.232000,30.814206
3140.714000,30.819280
3141.196000,30.824573
3141.678000,30.830824
3142.160000,30.835522
3142.642000,30.840868
3143.124000,30.847574
3143.606000,30.856054
3144.088000,30.864386
3144.570000,30.871435
3145.052000,30.878783
3145.534000,30.886417
3146.016000,30.895546
3146.498000,30.904621
3146.980000,30.913814
3147.462000,30.922138
3147.944000,30.929533
3148.426000,30.937096
3148.908000,30.943721
3149.390000,30.951730
3149.872000,30.959384
3150.354000,30.965409
3150.836000,30.970030
3151.318000,30.975580
3151.800000,30.982828
3152.282000,30.990569
3152.764000,30.998709
3153.246000,31.007342
3153.728000,31.017100
3154.210000,31.027299
3154.692000,31.037832
3155.174000,31.048487
3155.656000,31.058780
3156.138000,31.068086
3156.620000,31.075066
3157.102000,31.079842
3157.584000,31.083268
3158.066000,31.086418
3158.548000,31.088049
3159.030000,31.088936
3159.512000,31.090321
3159.994000,31.092939
3160.476000,31.096263
3160.958000,31.100893
3161.440000,31.106506
3161.922000,31.112262
3162.404000,31.118816
3162.886000,31.126122
3163.368000,31.132673
3163.850000,31.139049
3164.332000,31.145217
3164.814000,31.152851
3165.296000,31.161088
3165.778000,31.169802
3166.260000,31.179269
3166.742000,31.187851
3167.224000,31.195955
3167.706000,31.204346
3168.188000,31.212309
3168.670000,31.219197
3169.152000,31.224989
3169.634000,31.229690
3170.116000,31.233913
3170.598000,31.237403
3171.080000,31.242426
3171.562000,31.248651
3172.044000,31.254814
3172.526000,31.259811
3173.008000,31.264715
3173.490000,31.268068
3173.972000,31.271390
3174.454000,31.275122
3174.936000,31.279730
3175.418000,31.283665
3175.900000,31.287807
3176.382000,31.292164
3176.864000,31.297804
3177.346000,31.303402
3177.828000,31.310358
3178.310000,31.317206
3178.792000,31.324250
3179.274000,31.329807
3179.756000,31.334641
3180.238000,31.338814
3180.720000,31.343848
3181.202000,31.348420
3181.684000,31.352756
3182.166000,31.357096
3182.648000,31.361619
3183.130000,31.366080
3183.612000,31.370540
3184.094000,31.375077
3184.576000,31.379538
3185.058000,31.384481
3185.540000,31.389021
3186.022000,31.392092
3186.504000,31.396323
3186.986000,31.401190
3187.468000,31.406336
3187.950000,31.410084
3188.432000,31.414137
3188.914000,31.418358
3189.396000,31.422343
3189.878000,31.427126
3190.360000,31.431345
3190.842000,31.436216
3191.324000,31.440152
3191.806000,31.444097
3192.288000,31.447195
3192.770000,31.451110
3193.252000,31.456160
3193.734000,31.460534
3194.216000,31.462799
3194.698000,31.465772
3195.180000,31.469683
3195.662000,31.473078
3196.144000,31.475856
3196.626000,31.478714
3197.108000,31.483135
3197.590000,31.488212
3198.072000,31.491448
3198.554000,31.495052
3199.036000,31.499130
3199.518000,31.503461
3200.000000,31.506858
3200.482000,31.508786
3200.964000,31.510259
3201.446000,31.513815
3201.928000,31.516724
3202.410000,31.516634
3202.892000,31.516692
3203.374000,31.518024
3203.856000,31.520502
3204.338000,31.521291
3204.820000,31.520824
3205.302000,31.521316
3205.784000,31.522443
3206.266000,31.524575
3206.748000,31.526469
3207.230000,31.528798
3207.712000,31.531364
3208.194000,31.533602
3208.676000,31.536091
3209.158000,31.537820
3209.640000,31.541548
3210.122000,31.546842
3210.604000,31.552681
3211.086000,31.559113
3211.568000,31.566021
3212.050000,31.572980
3212.532000,31.578671
3213.014000,31.585522
3213.496000,31.591073
3213.978000,31.594924
3214.460000,31.597528
3214.942000,31.601000
3215.424000,31.602987
3215.906000,31.602865
3216.388000,31.603655
3216.870000,31.605929
3217.352000,31.606170
3217.834000,31.606545
3218.316000,31.605742
3218.798000,31.604343
3219.280000,31.602927
3219.762000,31.602269
3220.244000,31.601818
3220.726000,31.602302
3221.208000,31.605110
3221.690000,31.609384
3222.172000,31.612664
3222.654000,31.616872
3223.136000,31.622845
3223.618000,31.628445
3224.100000,31.631367
3224.582000,31.635156
3225.064000,31.637451
3225.546000,31.638735
3226.028000,31.639035
3226.510000,31.636602
3226.992000,31.635048
3227.474000,31.632586
3227.956000,31.628967
3228.438000,31.625423
3228.920000,31.623802
3229.402000,31.622805
3229.884000,31.621133
3230.366000,31.619584
3230.848000,31.618312
3231.330000,31.618270
3231.812000,31.618963
3232.294000,31.619759
3232.776000,31.621920
3233.258000,31.624154
3233.740000,31.626443
3234.222000,31.626543
3234.704000,31.627242
3235.186000,31.629882
3235.668000,31.634807
3236.150000,31.638436
3236.632000,31.641253
3237.114000,31.645350
3237.596000,31.648548
3238.078000,31.651408
3238.560000,31.653966
3239.042000,31.655177
3239.524000,31.656351
3240.006000,31.656457
3240.488000,31.655524
3240.970000,31.654946
3241.452000,31.655663
3241.934000,31.657541
3242.416000,31.660988
3242.898000,31.662410
3243.380000,31.664154
3243.862000,31.665326
3244.344000,31.664159
3244.826000,31.660440
3245.308000,31.655222
3245.790000,31.648241
3246.272000,31.641114
3246.754000,31.634205
3247.236000,31.629334
3247.718000,31.625434
3248.200000,31.622356
3248.682000,31.620477
3249.164000,31.621675
3249.646000,31.622334
3250.128000,31.624008
3250.610000,31.624227
3251.092000,31.625835
3251.574000,31.626814
3252.056000,31.628432
3252.538000,31.629978
3253.020000,31.632878
3253.502000,31.635417
3253.984000,31.638564
3254.466000,31.639958
3254.948000,31.640830
3255.430000,31.641952
3255.912000,31.643441
3256.394000,31.643052
3256.876000,31.642528
3257.358000,31.640886
3257.840000,31.640099
3258.322000,31.639350
3258.804000,31.640022
3259.286000,31.640183
3259.768000,31.640563
3260.250000,31.641111
3260.732000,31.640461
3261.214000,31.639425
3261.696000,31.639440
3262.178000,31.638177
3262.660000,31.635431
3263.142000,31.631598
3263.624000,31.628543
3264.106000,31.625052
3264.588000,31.621558
3265.070000,31.618655
3265.552000,31.616226
3266.034000,31.611444
3266.516000,31.606927
3266.998000,31.602904
3267.480000,31.597919
3267.962000,31.594480
3268.444000,31.591250
3268.926000,31.586426
3269.408000,31.582111
3269.890000,31.578219
3270.372000,31.575992
3270.854000,31.573795
3271.336000,31.572166
3271.818000,31.569176
3272.300000,31.565357
3272.782000,31.559427
3273.264000,31.555617
3273.746000,31.551663
3274.228000,31.548564
3274.710000,31.545796
3275.192000,31.543300
3275.674000,31.542122
3276.156000,31.540617
3276.638000,31.539408
3277.120000,31.538108
3277.602000,31.535198
3278.084000,31.533546
3278.566000,31.530298
3279.048000,31.525024
3279.530000,31.520636
3280.012000,31.516727
3280.494000,31.512866
3280.976000,31.509609
3281.458000,31.507073
3281.940000,31.504454
3282.422000,31.502414
3282.904000,31.498841
3283.386000,31.495222
3283.868000,31.492551
3284.350000,31.487912
3284.832000,31.484617
3285.314000,31.480126
3285.796000,31.475887
3286.278000,31.470728
3286.760000,31.464865
3287.242000,31.460504
3287.724000,31.455505
3288.206000,31.451357
3288.688000,31.446988
3289.170000,31.443239
3289.652000,31.439156
3290.134000,31.437520
3290.616000,31.437555
3291.098000,31.434852
3291.580000,31.433912
3292.062000,31.435290
3292.544000,31.437690
3293.026000,31.437287
3293.508000,31.437616
3293.990000,31.438117
3294.472000,31.437849
3294.954000,31.437394
3295.436000,31.436977
3295.918000,31.435571
3296.400000,31.433781
3296.882000,31.432185
3297.364000,31.429126
3297.846000,31.424632
3298.328000,31.419910
3298.810000,31.416010
3299.292000,31.409769
3299.774000,31.400879
3300.256000,31.392334
3300.738000,31.383946
3301.220000,31.374623
3301.702000,31.366224
3302.184000,31.359383
3302.666000,31.353173
3303.148000,31.348169
3303.630000,31.343787
3304.112000,31.341080
3304.594000,31.339174
3305.076000,31.336338
3305.558000,31.333801
3306.040000,31.329837
3306.522000,31.324880
3307.004000,31.319930
3307.486000,31.315302
3307.968000,31.309731
3308.450000,31.303960
3308.932000,31.298125
3309.414000,31.292140
3309.896000,31.285577
3310.378000,31.279035
3310.860000,31.275316
3311.342000,31.270735
3311.824000,31.264308
3312.306000,31.256333
3312.788000,31.246764
3313.270000,31.237383
3313.752000,31.227839
3314.234000,31.221191
3314.716000,31.214968
3315.198000,31.211343
3315.680000,31.207879
3316.162000,31.204889
3316.644000,31.202887
3317.126000,31.204026
3317.608000,31.207828
3318.090000,31.209381
3318.572000,31.210162
3319.054000,31.209831
3319.536000,31.208445
3320.018000,31.205950
3320.500000,31.202242
3320.982000,31.198971
3321.464000,31.195021
3321.946000,31.190477
3322.428000,31.182700
3322.910000,31.175019
3323.392000,31.168177
3323.874000,31.163178
3324.356000,31.159428
3324.838000,31.154891
3325.320000,31.151583
3325.802000,31.148299
3326.284000,31.145605
3326.766000,31.143929
3327.248000,31.142076
3327.730000,31.139595
3328.212000,31.137172
3328.694000,31.133978
3329.176000,31.130779
3329.658000,31.127009
3330.140000,31.122460
3330.622000,31.118822
3331.104000,31.113395
3331.586000,31.106164
3332.068000,31.099736
3332.550000,31.092755
3333.032000,31.086427
3333.514000,31.082980
3333.996000,31.079318
3334.478000,31.074832
3334.960000,31.071747
3335.442000,31.069249
3335.924000,31.065542
3336.406000,31.060326
3336.888000,31.054569
3337.370000,31.047891
3337.852000,31.039336
3338.334000,31.031741
3338.816000,31.024681
3339.298000,31.018384
3339.780000,31.013455
3340.262000,31.009787
3340.744000,31.005264
3341.226000,31.000370
3341.708000,30.997211
3342.190000,30.993519
3342.672000,30.990423
3343.154000,30.987332
3343.636000,30.982608
3344.118000,30.977260
3344.600000,30.972171
3345.082000,30.966402
3345.564000,30.960928
3346.046000,30.955650
3346.528000,30.950768
3347.010000,30.943480
3347.492000,30.935546
3347.974000,30.927808
3348.456000,30.920064
3348.938000,30.912875
3349.420000,30.907167
3349.902000,30.901009
3350.384000,30.894459
3350.866000,30.888484
3351.348000,30.882474
3351.830000,30.876710
3352.312000,30.872711
3352.794000,30.868874
3353.276000,30.866109
3353.758000,30.862017
3354.240000,30.858983
3354.722000,30.856207
3355.204000,30.852921
3355.686000,30.849389
3356.168000,30.845576
3356.650000,30.840886
3357.132000,30.834779
3357.614000,30.828102
3358.096000,30.821597
3358.578000,30.814706
3359.060000,30.807892
3359.542000,30.801664
3360.024000,30.796207
3360.506000,30.791519
3360.988000,30.787032
3361.470000,30.782550
3361.952000,30.778221
3362.434000,30.774642
3362.916000,30.770425
3363.398000,30.765893
3363.880000,30.763108
3364.362000,30.761180
3364.844000,30.759971
3365.326000,30.756460
3365.808000,30.754397
3366.290000,30.754425
3366.772000,30.752657
3367.254000,30.748838
3367.736000,30.742508
3368.218000,30.735921
3368.700000,30.729024
3369.182000,30.721957
3369.664000,30.714920
3370.146000,30.709187
3370.628000,30.703554
3371.110000,30.698021
3371.592000,30.692558
3372.074000,30.686989
3372.556000,30.682603
3373.038000,30.677568
3373.520000,30.670494
3374.002000,30.663023
3374.484000,30.655713
3374.966000,30.650028
3375.448000,30.644752
3375.930000,30.640637
3376.412000,30.638287
3376.894000,30.635608
3377.376000,30.632145
3377.858000,30.629953
3378.340000,30.627331
3378.822000,30.623948
3379.304000,30.619712
3379.786000,30.614405
3380.268000,30.610192
3380.750000,30.606606
3381.232000,30.603408
3381.714000,30.601542
3382.196000,30.599402
3382.678000,30.596796
3383.160000,30.594507
3383.642000,30.591678
3384.124000,30.588109
3384.606000,30.584111
3385.088000,30.578385
3385.570000,30.573986
3386.052000,30.570598
3386.534000,30.565502
3387.016000,30.560968
3387.498000,30.556843
3387.980000,30.553623
3388.462000,30.552251
3388.944000,30.549515
3389.426000,30.544981
3389.908000,30.541956
3390.390000,30.538790
3390.872000,30.532850
3391.354000,30.527016
3391.836000,30.521345
3392.318000,30.517865
3392.800000,30.513692
3393.282000,30.508777
3393.764000,30.504775
3394.246000,30.502607
3394.728000,30.502832
3395.210000,30.502869
3395.692000,30.501411
3396.174000,30.499887
3396.656000,30.498976
3397.138000,30.496928
3397.620000,30.493670
3398.102000,30.490617
3398.584000,30.487037
3399.066000,30.483151
3399.548000,30.479395
3400.030000,30.474739
3400.512000,30.469452
3400.994000,30.464258
3401.476000,30.458630
3401.958000,30.452911
3402.440000,30.446517
3402.922000,30.440523
3403.404000,30.435213
3403.886000,30.430880
3404.368000,30.427694
3404.850000,30.425317
3405.332000,30.424494
3405.814000,30.425380
3406.296000,30.426761
3406.778000,30.426428
3407.260000,30.425774
3407.742000,30.425154
3408.224000,30.425103
3408.706000,30.424076
3409.188000,30.419873
3409.670000,30.414994
3410.152000,30.409727
3410.634000,30.403322
3411.116000,30.397233
3411.598000,30.391569
3412.080000,30.385787
3412.562000,30.379272
3413.044000,30.371709
3413.526000,30.365216
3414.008000,30.359886
3414.490000,30.355082
3414.972000,30.350591
3415.454000,30.346712
3415.936000,30.344191
3416.418000,30.342350
3416.900000,30.340864
3417.382000,30.340229
3417.864000,30.338744
3418.346000,30.337973
3418.828000,30.338562
3419.310000,30.337372
3419.792000,30.337269
3420.274000,30.335694
3420.756000,30.331626
3421.238000,30.327296
3421.720000,30.323380
3422.202000,30.320068
3422.684000,30.318067
3423.166000,30.314744
3423.648000,30.309866
3424.130000,30.306356
3424.612000,30.301492
3425.094000,30.301162
3425.576000,30.301489
3426.058000,30.301371
3426.540000,30.301065
3427.022000,30.299672
3427.504000,30.297554
3427.986000,30.296079
3428.468000,30.295290
3428.950000,30.293228
3429.432000,30.291809
3429.914000,30.286332
3430.396000,30.279518
3430.878000,30.276151
3431.360000,30.271894
3431.842000,30.271391
3432.324000,30.268799
3432.806000,30.266169
3433.288000,30.263705
3433.770000,30.262851
3434.252000,30.262245
3434.734000,30.262724
3435.216000,30.263013
3435.698000,30.262028
3436.180000,30.261783
3436.662000,30.262819
3437.144000,30.264362
3437.626000,30.267904
3438.108000,30.271669
3438.590000,30.277283
3439.072000,30.279441
3439.554000,30.283211
3440.036000,30.287939
3440.518000,30.291901
3441.000000,30.295758
3441.482000,30.297492
3441.964000,30.297233
3442.446000,30.296428
3442.928000,30.295508
3443.410000,30.295595
3443.892000,30.294097
3444.374000,30.292530
3444.856000,30.290643
3445.338000,30.288634
3445.820000,30.285374
3446.302000,30.283535
3446.784000,30.281275
3447.266000,30.275806
3447.748000,30.272318
3448.230000,30.268883
3448.712000,30.266365
3449.194000,30.263958
3449.676000,30.262583
3450.158000,30.262465
3450.640000,30.262720
3451.122000,30.262322
3451.604000,30.262798
3452.086000,30.262767
3452.568000,30.261755
3453.050000,30.261830
3453.532000,30.259887
3454.014000,30.257663
3454.496000,30.259232
3454.978000,30.259298
3455.460000,30.259966
3455.942000,30.260682
3456.424000,30.259994
3456.906000,30.259068
3457.388000,30.259029
3457.870000,30.260803
3458.352000,30.263724
3458.834000,30.264980
3459.316000,30.265684
3459.798000,30.265711
3460.280000,30.263599
3460.762000,30.263846
3461.244000,30.264241
3461.726000,30.263832
3462.208000,30.264730
3462.690000,30.265420
3463.172000,30.264710
3463.654000,30.263274
3464.136000,30.263695
3464.618000,30.265799
3465.100000,30.267607
3465.582000,30.267942
3466.064000,30.267920
3466.546000,30.266352
3467.028000,30.264649
3467.510000,30.265583
3467.992000,30.267672
3468.474000,30.269177
3468.956000,30.270388
3469.438000,30.270839
3469.920000,30.271959
3470.402000,30.272327
3470.884000,30.271599
3471.366000,30.271913
3471.848000,30.272704
3472.330000,30.273504
3472.812000,30.276108
3473.294000,30.277810
3473.776000,30.279984
3474.258000,30.282355
3474.740000,30.284592
3475.222000,30.286043
3475.704000,30.288391
3476.186000,30.291127
3476.668000,30.293979
3477.150000,30.293063
3477.632000,30.292183
3478.114000,30.294675
3478.596000,30.296379
3479.078000,30.298490
3479.560000,30.303154
3480.042000,30.307124
3480.524000,30.310988
3481.006000,30.313874
3481.488000,30.319827
3481.970000,30.323853
3482.452000,30.329794
3482.934000,30.333207
3483.416000,30.335421
3483.898000,30.337880
3484.380000,30.342230
3484.862000,30.345436
3485.344000,30.345510
3485.826000,30.345923
3486.308000,30.346358
3486.790000,30.345929
3487.272000,30.343403
3487.754000,30.340743
3488.236000,30.340948
3488.718000,30.338727
3489.200000,30.340257
3489.682000,30.340642
3490.164000,30.343032
3490.646000,30.346829
3491.128000,30.352008
3491.610000,30.356728
3492.092000,30.362633
3492.574000,30.369312
3493.056000,30.374593
3493.538000,30.381046
3494.020000,30.383032
3494.502000,30.386891
3494.984000,30.394115
3495.466000,30.399356
3495.948000,30.401927
3496.430000,30.403992
3496.912000,30.404644
3497.394000,30.404174
3497.876000,30.406740
3498.358000,30.409999
3498.840000,30.415232
3499.322000,30.418942
3499.804000,30.421607
3500.286000,30.427574
3500.768000,30.431954
3501.250000,30.439116
3501.732000,30.446285
3502.214000,30.449588
3502.696000,30.449793
3503.178000,30.453200
3503.660000,30.453781
3504.142000,30.454649
3504.624000,30.456074
3505.106000,30.457433
3505.588000,30.457901
3506.070000,30.457411
3506.552000,30.456807
3507.034000,30.457976
3507.516000,30.458427
3507.998000,30.458095
3508.480000,30.456418
3508.962000,30.454814
3509.444000,30.453341
3509.926000,30.454488
3510.408000,30.453876
3510.890000,30.455309
3511.372000,30.457665
3511.854000,30.459788
3512.336000,30.462452
3512.818000,30.465093
3513.300000,30.467880
3513.782000,30.471182
3514.264000,30.473741
3514.746000,30.476639
3515.228000,30.479240
3515.710000,30.481431
3516.192000,30.484451
3516.674000,30.488252
3517.156000,30.492508
3517.638000,30.500059
3518.120000,30.509327
3518.602000,30.517877
3519.084000,30.528291
3519.566000,30.538740
3520.048000,30.549170
3520.530000,30.559113
3521.012000,30.567814
3521.494000,30.577389
3521.976000,30.585954
3522.458000,30.590832
3522.940000,30.596546
3523.422000,30.600444
3523.904000,30.605234
3524.386000,30.609384
3524.868000,30.612502
3525.350000,30.615490
3525.832000,30.617141
3526.314000,30.618946
3526.796000,30.619142
3527.278000,30.617614
3527.760000,30.616582
3528.242000,30.614814
3528.724000,30.611339
3529.206000,30.605586
3529.688000,30.605354
3530.170000,30.604739
3530.652000,30.604257
3531.134000,30.605400
3531.616000,30.608690
3532.098000,30.614290
3532.580000,30.620947
3533.062000,30.628883
3533.544000,30.635209
3534.026000,30.641458
3534.508000,30.647846
3534.990000,30.651277
3535.472000,30.655181
3535.954000,30.659647
3536.436000,30.665678
3536.918000,30.670194
3537.400000,30.675412
3537.882000,30.682677
3538.364000,30.689764
3538.846000,30.696466
3539.328000,30.703652
3539.810000,30.711984
3540.292000,30.718797
3540.774000,30.724356
3541.256000,30.730493
3541.738000,30.736382
3542.220000,30.745944
3542.702000,30.752738
3543.184000,30.758017
3543.666000,30.763729
3544.148000,30.769950
3544.630000,30.774426
3545.112000,30.777289
3545.594000,30.777077
3546.076000,30.776620
3546.558000,30.776009
3547.040000,30.772077
3547.522000,30.769630
3548.004000,30.768102
3548.486000,30.768457
3548.968000,30.771309
3549.450000,30.771751
3549.932000,30.774180
3550.414000,30.777398
3550.896000,30.782328
3551.378000,30.786246
3551.860000,30.791020
3552.342000,30.793977
3552.824000,30.798444
3553.306000,30.802344
3553.788000,30.805335
3554.270000,30.808044
3554.752000,30.811409
3555.234000,30.816464
3555.716000,30.821326
3556.198000,30.823860
3556.680000,30.827630
3557.162000,30.830776
3557.644000,30.835462
3558.126000,30.839760
3558.608000,30.845160
3559.090000,30.849742
3559.572000,30.857450
3560.054000,30.865280
3560.536000,30.873125
3561.018000,30.882299
3561.500000,30.894511
3561.982000,30.904712
3562.464000,30.915280
3562.946000,30.925938
3563.428000,30.937685
3563.910000,30.946433
3564.392000,30.952478
3564.874000,30.954624
3565.356000,30.953783
3565.838000,30.952561
3566.320000,30.950901
3566.802000,30.947370
3567.284000,30.942325
3567.766000,30.938353
3568.248000,30.933778
3568.730000,30.929001
3569.212000,30.929091
3569.694000,30.931886
3570.176000,30.935264
3570.658000,30.938053
3571.140000,30.940966
3571.622000,30.947657
3572.104000,30.954368
3572.586000,30.961628
3573.068000,30.968595
3573.550000,30.974679
3574.032000,30.979144
3574.514000,30.983285
3574.996000,30.985349
3575.478000,30.987054
3575.960000,30.989732
3576.442000,30.993035
3576.924000,30.996754
3577.406000,31.001282
3577.888000,31.006586
3578.370000,31.014239
3578.852000,31.020093
3579.334000,31.026903
3579.816000,31.034619
3580.298000,31.042042
3580.780000,31.047698
3581.262000,31.053051
3581.744000,31.057880
3582.226000,31.061297
3582.708000,31.064660
3583.190000,31.068605
3583.672000,31.070594
3584.154000,31.073413
3584.636000,31.073719
3585.118000,31.074181
3585.600000,31.075272
3586.082000,31.074805
3586.564000,31.073009
3587.046000,31.071888
3587.528000,31.070317
3588.010000,31.071165
3588.492000,31.073423
3588.974000,31.076351
3589.456000,31.082385
3589.938000,31.088455
3590.420000,31.092548
3590.902000,31.098971
3591.384000,31.103555
3591.866000,31.111807
3592.348000,31.117529
3592.830000,31.121683
3593.312000,31.126038
3593.794000,31.128717
3594.276000,31.130590
3594.758000,31.134147
3595.240000,31.137488
3595.722000,31.141956
3596.204000,31.144918
3596.686000,31.146138
3597.168000,31.141985
3597.650000,31.138510
3598.132000,31.134993
3598.614000,31.132798
3599.096000,31.127110
3599.578000,31.123135
3600.060000,31.119221
3600.542000,31.115898
3601.024000,31.112828
3601.506000,31.115396
3601.988000,31.117710
3602.470000,31.121365
3602.952000,31.126852
3603.434000,31.133061
3603.916000,31.139438
3604.398000,31.147467
3604.880000,31.156886
3605.362000,31.165750
3605.844000,31.174816
3606.326000,31.184790
3606.808000,31.194651
3607.290000,31.204237
3607.772000,31.210915
3608.254000,31.220680
3608.736000,31.227634
3609.218000,31.235389
3609.700000,31.244563
3610.182000,31.253989
3610.664000,31.264409
3611.146000,31.273676
3611.628000,31.282863
3612.110000,31.289996
3612.592000,31.298068
3613.074000,31.304574
3613.556000,31.310020
3614.038000,31.313077
3614.520000,31.314211
3615.002000,31.316034
3615.484000,31.317717
3615.966000,31.317722
3616.448000,31.316859
3616.930000,31.314982
3617.412000,31.312995
3617.894000,31.310825
3618.376000,31.305498
3618.858000,31.299197
3619.340000,31.294995
3619.822000,31.289708
3620.304000,31.285832
3620.786000,31.281541
3621.268000,31.278871
3621.750000,31.276353
3622.232000,31.274526
3622.714000,31.271525
3623.196000,31.269636
3623.678000,31.267529
3624.160000,31.265259
3624.642000,31.263231
3625.124000,31.258299
3625.606000,31.254128
3626.088000,31.250848
3626.570000,31.246884
3627.052000,31.244619
3627.534000,31.240699
3628.016000,31.240210
3628.498000,31.240249
3628.980000,31.241560
3629.462000,31.247484
3629.944000,31.254205
3630.426000,31.261994
3630.908000,31.271068
3631.390000,31.281351
3631.872000,31.290317
3632.354000,31.299045
3632.836000,31.306616
3633.318000,31.312888
3633.800000,31.318145
3634.282000,31.320466
3634.764000,31.323675
3635.246000,31.326778
3635.728000,31.329767
3636.210000,31.333514
3636.692000,31.335702
3637.174000,31.341884
3637.656000,31.347635
3638.138000,31.352248
3638.620000,31.356678
3639.102000,31.361803
3639.584000,31.369024
3640.066000,31.376510
3640.548000,31.384045
3641.030000,31.391674
3641.512000,31.401157
3641.994000,31.410930
3642.476000,31.418443
3642.958000,31.428281
3643.440000,31.441669
3643.922000,31.457687
3644.404000,31.471650
3644.886000,31.483409
3645.368000,31.496619
3645.850000,31.511090
3646.332000,31.523823
3646.814000,31.533219
3647.296000,31.538479
3647.778000,31.536640
3648.260000,31.530128
3648.742000,31.519192
3649.224000,31.504913
3649.706000,31.496751
3650.188000,31.488637
3650.670000,31.481924
3651.152000,31.478602
3651.634000,31.477886
3652.116000,31.480605
3652.598000,31.486181
3653.080000,31.491108
3653.562000,31.496237
3654.044000,31.498369
3654.526000,31.497309
3655.008000,31.496140
3655.490000,31.494802
3655.972000,31.492273
3656.454000,31.491794
3656.936000,31.489178
3657.418000,31.486878
3657.900000,31.484635
3658.382000,31.481761
3658.864000,31.476870
3659.346000,31.474239
3659.828000,31.469319
3660.310000,31.464564
3660.792000,31.459888
3661.274000,31.456040
3661.756000,31.452937
3662.238000,31.451898
3662.720000,31.450101
3663.202000,31.447630
3663.684000,31.446889
3664.166000,31.446935
3664.648000,31.449369
3665.130000,31.452593
3665.612000,31.455304
3666.094000,31.458528
3666.576000,31.461232
3667.058000,31.464149
3667.540000,31.468038
3668.022000,31.471862
3668.504000,31.475379
3668.986000,31.478812
3669.468000,31.479561
3669.950000,31.480552
3670.432000,31.483990
3670.914000,31.486846
3671.396000,31.490774
3671.878000,31.495973
3672.360000,31.502301
3672.842000,31.509652
3673.324000,31.520153
3673.806000,31.529916
3674.288000,31.539154
3674.770000,31.547399
3675.252000,31.553375
3675.734000,31.557965
3676.216000,31.558999
3676.698000,31.558023
3677.180000,31.554500
3677.662000,31.548507
3678.144000,31.542618
3678.626000,31.537902
3679.108000,31.531415
3679.590000,31.523438
3680.072000,31.517112
3680.554000,31.508545
3681.036000,31.500876
3681.518000,31.495610
3682.000000,31.489292
3682.482000,31.484970
3682.964000,31.479329
3683.446000,31.475140
3683.928000,31.470514
3684.410000,31.468339
3684.892000,31.468277
3685.374000,31.470109
3685.856000,31.471131
3686.338000,31.470222
3686.820000,31.468368
3687.302000,31.464661
3687.784000,31.459271
3688.266000,31.451538
3688.748000,31.440535
3689.230000,31.429053
3689.712000,31.417491
3690.194000,31.407997
3690.676000,31.400093
3691.158000,31.396605
3691.640000,31.396031
3692.122000,31.398173
3692.604000,31.400689
3693.086000,31.403358
3693.568000,31.405823
3694.050000,31.405871
3694.532000,31.402876
3695.014000,31.396443
3695.496000,31.390078
3695.978000,31.383481
3696.460000,31.377285
3696.942000,31.367626
3697.424000,31.361701
3697.906000,31.355595
3698.388000,31.348969
3698.870000,31.345697
3699.352000,31.342703
3699.834000,31.340696
3700.316000,31.342406
3700.798000,31.342668
3701.280000,31.341864
3701.762000,31.343861
3702.244000,31.345573
3702.726000,31.347033
3703.208000,31.347609
3703.690000,31.347274
3704.172000,31.351242
3704.654000,31.353970
3705.136000,31.357708
3705.618000,31.363535
3706.100000,31.367995
3706.582000,31.372728
3707.064000,31.379874
3707.546000,31.384920
3708.028000,31.388032
3708.510000,31.391658
3708.992000,31.390613
3709.474000,31.389945
3709.956000,31.388703
3710.438000,31.384932
3710.920000,31.381532
3711.402000,31.379705
3711.884000,31.378746
3712.366000,31.377295
3712.848000,31.375809
3713.330000,31.377647
3713.812000,31.381657
3714.294000,31.386831
3714.776000,31.389424
3715.258000,31.390670
3715.740000,31.389815
3716.222000,31.388076
3716.704000,31.385001
3717.186000,31.379302
3717.668000,31.374349
3718.150000,31.369643
3718.632000,31.365186
3719.114000,31.359721
3719.596000,31.355606
3720.078000,31.354261
3720.560000,31.352577
3721.042000,31.351524
3721.524000,31.348890
3722.006000,31.344373
3722.488000,31.338537
3722.970000,31.332077
3723.452000,31.325002
3723.934000,31.315485
3724.416000,31.305027
3724.898000,31.293257
3725.380000,31.283570
3725.862000,31.272159
3726.344000,31.260532
3726.826000,31.251939
3727.308000,31.242823
3727.790000,31.235654
3728.272000,31.230485
3728.754000,31.223823
3729.236000,31.221402
3729.718000,31.221213
3730.200000,31.223782
3730.682000,31.226220
3731.164000,31.229441
3731.646000,31.231228
3732.128000,31.234792
3732.610000,31.235230
3733.092000,31.237201
3733.574000,31.239242
3734.056000,31.240631
3734.538000,31.242408
3735.020000,31.246994
3735.502000,31.253079
3735.984000,31.263353
3736.466000,31.274240
3736.948000,31.288094
3737.430000,31.302094
3737.912000,31.314760
3738.394000,31.324398
3738.876000,31.329516
3739.358000,31.327561
3739.840000,31.324361
3740.322000,31.317771
3740.804000,31.311263
3741.286000,31.301070
3741.768000,31.294037
3742.250000,31.289590
3742.732000,31.286619
3743.214000,31.288743
3743.696000,31.297695
3744.178000,31.310401
3744.660000,31.324826
3745.142000,31.339406
3745.624000,31.350773
3746.106000,31.361142
3746.588000,31.372691
3747.070000,31.382984
3747.552000,31.388450
3748.034000,31.386916
3748.516000,31.379802
3748.998000,31.371310
3749.480000,31.356192
3749.962000,31.341675
3750.444000,31.325072
3750.926000,31.310127
3751.408000,31.299870
3751.890000,31.294562
3752.372000,31.291524
3752.854000,31.294922
3753.336000,31.302654
3753.818000,31.311988
3754.300000,31.320669
3754.782000,31.324408
3755.264000,31.324549
3755.746000,31.321663
3756.228000,31.311246
3756.710000,31.299055
3757.192000,31.284071
3757.674000,31.271531
3758.156000,31.260946
3758.638000,31.251704
3759.120000,31.241600
3759.602000,31.236803
3760.084000,31.235077
3760.566000,31.235165
3761.048000,31.236998
3761.530000,31.236329
3762.012000,31.233510
3762.494000,31.233370
3762.976000,31.232470
3763.458000,31.230599
3763.940000,31.229188
3764.422000,31.227579
3764.904000,31.224802
3765.386000,31.222018
3765.868000,31.219348
3766.350000,31.217653
3766.832000,31.215698
3767.314000,31.213053
3767.796000,31.210649
3768.278000,31.205865
3768.760000,31.199256
3769.242000,31.196183
3769.724000,31.190278
3770.206000,31.182879
3770.688000,31.177050
3771.170000,31.170322
3771.652000,31.162109
3772.134000,31.156244
3772.616000,31.151332
3773.098000,31.146388
3773.580000,31.142655
3774.062000,31.142111
3774.544000,31.143271
3775.026000,31.144812
3775.508000,31.147886
3775.990000,31.152475
3776.472000,31.158609
3776.954000,31.164453
3777.436000,31.171081
3777.918000,31.174353
3778.400000,31.174742
3778.882000,31.173448
3779.364000,31.170851
3779.846000,31.166738
3780.328000,31.163622
3780.810000,31.159749
3781.292000,31.155205
3781.774000,31.150880
3782.256000,31.146081
3782.738000,31.141168
3783.220000,31.135273
3783.702000,31.127159
3784.184000,31.117625
3784.666000,31.106294
3785.148000,31.094238
3785.630000,31.081156
3786.112000,31.071207
3786.594000,31.061623
3787.076000,31.055068
3787.558000,31.049063
3788.040000,31.045679
3788.522000,31.043427
3789.004000,31.042232
3789.486000,31.040888
3789.968000,31.039165
3790.450000,31.038670
3790.932000,31.039742
3791.414000,31.042115
3791.896000,31.048092
3792.378000,31.054502
3792.860000,31.063583
3793.342000,31.073252
3793.824000,31.083854
3794.306000,31.096610
3794.788000,31.107211
3795.270000,31.117776
3795.752000,31.125232
3796.234000,31.129731
3796.716000,31.132530
3797.198000,31.135373
3797.680000,31.134478
3798.162000,31.134740
3798.644000,31.138028
3799.126000,31.134482
3799.608000,31.130200
3800.090000,31.123944
3800.572000,31.113050
3801.054000,31.101852
3801.536000,31.086949
3802.018000,31.070065
3802.500000,31.051550
3802.982000,31.033449
3803.464000,31.018658
3803.946000,31.009003
3804.428000,30.996514
3804.910000,30.991311
3805.392000,30.986917
3805.874000,30.980371
3806.356000,30.977074
3806.838000,30.976219
3807.320000,30.973132
3807.802000,30.972236
3808.284000,30.972469
3808.766000,30.971689
3809.248000,30.972721
3809.730000,30.971428
3810.212000,30.971282
3810.694000,30.972519
3811.176000,30.967981
3811.658000,30.965747
3812.140000,30.960938
3812.622000,30.957966
3813.104000,30.954797
3813.586000,30.951984
3814.068000,30.950358
3814.550000,30.949579
3815.032000,30.950221
3815.514000,30.950630
3815.996000,30.952210
3816.478000,30.952732
3816.960000,30.951576
3817.442000,30.955421
3817.924000,30.955043
3818.406000,30.953527
3818.888000,30.950337
3819.370000,30.948195
3819.852000,30.944680
3820.334000,30.940662
3820.816000,30.942951
3821.298000,30.944721
3821.780000,30.946054
3822.262000,30.949657
3822.744000,30.953455
3823.226000,30.958581
3823.708000,30.959909
3824.190000,30.964695
3824.672000,30.963059
3825.154000,30.956715
3825.636000,30.950156
3826.118000,30.941679
3826.600000,30.931194
3827.082000,30.922367
3827.564000,30.915466
3828.046000,30.910710
3828.528000,30.903568
3829.010000,30.901952
3829.492000,30.899613
3829.974000,30.900824
3830.456000,30.901429
3830.938000,30.906304
3831.420000,30.908267
3831.902000,30.911579
3832.384000,30.915339
3832.866000,30.915630
3833.348000,30.914083
3833.830000,30.914207
3834.312000,30.912916
3834.794000,30.913686
3835.276000,30.911012
3835.758000,30.912083
3836.240000,30.911111
3836.722000,30.911161
3837.204000,30.910608
3837.686000,30.911679
3838.168000,30.909156
3838.650000,30.907758
3839.132000,30.904017
3839.614000,30.898342
3840.096000,30.891133
3840.578000,30.887200
3841.060000,30.879627
3841.542000,30.870281
3842.024000,30.863082
3842.506000,30.853684
3842.988000,30.845804
3843.470000,30.837884
3843.952000,30.831761
3844.434000,30.827509
3844.916000,30.823122
3845.398000,30.821135
3845.880000,30.820879
3846.362000,30.821159
3846.844000,30.820858
3847.326000,30.820393
3847.808000,30.815986
3848.290000,30.810973
3848.772000,30.805564
3849.254000,30.796198
3849.736000,30.787295
3850.218000,30.777667
3850.700000,30.769254
3851.182000,30.761963
3851.664000,30.753871
3852.146000,30.748689
3852.628000,30.743380
3853.110000,30.741234
3853.592000,30.739730
3854.074000,30.740927
3854.556000,30.745387
3855.038000,30.751805
3855.520000,30.759023
3856.002000,30.767538
3856.484000,30.774428
3856.966000,30.780564
3857.448000,30.788352
3857.930000,30.795490
3858.412000,30.802072
3858.894000,30.807720
3859.376000,30.809276
3859.858000,30.814556
3860.340000,30.819408
3860.822000,30.822322
3861.304000,30.824389
3861.786000,30.825868
3862.268000,30.824018
3862.750000,30.822043
3863.232000,30.817655
3863.714000,30.811585
3864.196000,30.807863
3864.678000,30.800470
3865.160000,30.797165
3865.642000,30.790235
3866.124000,30.786123
3866.606000,30.784852
3867.088000,30.784412
3867.570000,30.785829
3868.052000,30.786972
3868.534000,30.789485
3869.016000,30.788191
3869.498000,30.790056
3869.980000,30.792362
3870.462000,30.790088
3870.944000,30.786604
3871.426000,30.778286
3871.908000,30.770124
3872.390000,30.758695
3872.872000,30.751041
3873.354000,30.743172
3873.836000,30.740004
3874.318000,30.740690
3874.800000,30.738956
3875.282000,30.740451
3875.764000,30.742229
3876.246000,30.747705
3876.728000,30.754783
3877.210000,30.757915
3877.692000,30.763892
3878.174000,30.768427
3878.656000,30.771829
3879.138000,30.776980
3879.620000,30.784450
3880.102000,30.790087
3880.584000,30.798388
3881.066000,30.804896
3881.548000,30.804698
3882.030000,30.805817
3882.512000,30.800475
3882.994000,30.793220
3883.476000,30.785828
3883.958000,30.775996
3884.440000,30.767419
3884.922000,30.758106
3885.404000,30.749364
3885.886000,30.744666
3886.368000,30.741087
3886.850000,30.740383
3887.332000,30.743148
3887.814000,30.746800
3888.296000,30.746928
3888.778000,30.749189
3889.260000,30.747147
3889.742000,30.746463
3890.224000,30.745446
3890.706000,30.742768
3891.188000,30.739409
3891.670000,30.737165
3892.152000,30.734974
3892.634000,30.733019
3893.116000,30.732933
3893.598000,30.733102
3894.080000,30.731952
3894.562000,30.734232
3895.044000,30.735599
3895.526000,30.738185
3896.008000,30.741898
3896.490000,30.745448
3896.972000,30.749725
3897.454000,30.752621
3897.936000,30.755977
3898.418000,30.762609
3898.900000,30.765014
3899.382000,30.766947
3899.864000,30.770282
3900.346000,30.769220
3900.828000,30.769271
3901.310000,30.771654
3901.792000,30.771417
3902.274000,30.767570
3902.756000,30.764932
3903.238000,30.758449
3903.720000,30.753314
3904.202000,30.744621
3904.684000,30.738184
3905.166000,30.733103
3905.648000,30.724269
3906.130000,30.718709
3906.612000,30.716537
3907.094000,30.711417
3907.576000,30.707869
3908.058000,30.708947
3908.540000,30.710866
3909.022000,30.710698
3909.504000,30.712818
3909.986000,30.712093
3910.468000,30.714034
3910.950000,30.715868
3911.432000,30.719115
3911.914000,30.721852
3912.396000,30.723367
3912.878000,30.725439
3913.360000,30.728576
3913.842000,30.726923
3914.324000,30.727906
3914.806000,30.732562
3915.288000,30.737269
3915.770000,30.741723
3916.252000,30.745342
3916.734000,30.746624
3917.216000,30.748369
3917.698000,30.751132
3918.180000,30.751026
3918.662000,30.752437
3919.144000,30.752095
3919.626000,30.753184
3920.108000,30.756077
3920.590000,30.753800
3921.072000,30.753784
3921.554000,30.755036
3922.036000,30.759104
3922.518000,30.764263
3923.000000,30.767099
3923.482000,30.768387
3923.964000,30.770915
3924.446000,30.775545
3924.928000,30.779435
3925.410000,30.782564
3925.892000,30.784270
3926.374000,30.788863
3926.856000,30.793073
3927.338000,30.794338
3927.820000,30.795197
3928.302000,30.796064
3928.784000,30.795621
3929.266000,30.794953
3929.748000,30.793313
3930.230000,30.791733
3930.712000,30.791784
3931.194000,30.791325
3931.676000,30.790817
3932.158000,30.789816
3932.640000,30.788573
3933.122000,30.788264
3933.604000,30.790146
3934.086000,30.788109
3934.568000,30.786322
3935.050000,30.786617
3935.532000,30.784908
3936.014000,30.783064
3936.496000,30.780864
3936.978000,30.780021
3937.460000,30.781461
3937.942000,30.782565
3938.424000,30.785647
3938.906000,30.787336
3939.388000,30.790533
3939.870000,30.795041
3940.352000,30.802235
3940.834000,30.808724
3941.316000,30.818937
3941.798000,30.829063
3942.280000,30.836323
3942.762000,30.842191
3943.244000,30.848604
3943.726000,30.853923
3944.208000,30.859407
3944.690000,30.861946
3945.172000,30.862546
3945.654000,30.862679
3946.136000,30.864615
3946.618000,30.865867
3947.100000,30.867686
3947.582000,30.869142
3948.064000,30.870293
3948.546000,30.868320
3949.028000,30.866923
3949.510000,30.863962
3949.992000,30.863529
3950.474000,30.860068
3950.956000,30.858387
3951.438000,30.856162
3951.920000,30.853651
3952.402000,30.850985
3952.884000,30.849186
3953.366000,30.848421
3953.848000,30.846653
3954.330000,30.845543
3954.812000,30.844390
3955.294000,30.843197
3955.776000,30.845198
3956.258000,30.846921
3956.740000,30.851636
3957.222000,30.855186
3957.704000,30.863222
3958.186000,30.868718
3958.668000,30.873871
3959.150000,30.882491
3959.632000,30.889405
3960.114000,30.895793
3960.596000,30.899683
3961.078000,30.904467
3961.560000,30.907386
3962.042000,30.911388
3962.524000,30.913570
3963.006000,30.914151
3963.488000,30.914792
3963.970000,30.914207
3964.452000,30.914731
3964.934000,30.909989
3965.416000,30.908269
3965.898000,30.908622
3966.380000,30.903999
3966.862000,30.901404
3967.344000,30.898484
3967.826000,30.898916
3968.308000,30.901272
3968.790000,30.906431
3969.272000,30.909761
3969.754000,30.917150
3970.236000,30.923935
3970.718000,30.929802
3971.200000,30.935018
3971.682000,30.937764
3972.164000,30.942227
3972.646000,30.943650
3973.128000,30.943173
3973.610000,30.940639
3974.092000,30.939871
3974.574000,30.938782
3975.056000,30.938869
3975.538000,30.937252
3976.020000,30.937876
3976.502000,30.941845
3976.984000,30.941626
3977.466000,30.943346
3977.948000,30.943749
3978.430000,30.943702
3978.912000,30.944306
3979.394000,30.941819
3979.876000,30.937429
3980.358000,30.933328
3980.840000,30.932644
3981.322000,30.931337
3981.804000,30.931007
3982.286000,30.931957
3982.768000,30.936098
3983.250000,30.938230
3983.732000,30.941264
3984.214000,30.948289
3984.696000,30.956530
3985.178000,30.965637
3985.660000,30.973838
3986.142000,30.979978
3986.624000,30.987203
3987.106000,30.993966
3987.588000,31.000561
3988.070000,31.008061
3988.552000,31.014323
3989.034000,31.018739
3989.516000,31.020907
3989.998000,31.021420
3990.480000,31.024091
3990.962000,31.028334
3991.444000,31.032060
3991.926000,31.035129
3992.408000,31.035746
3992.890000,31.037007
3993.372000,31.038868
3993.854000,31.039407
3994.336000,31.040731
3994.818000,31.042899
3995.300000,31.045510
3995.782000,31.047346
3996.264000,31.049943
3996.746000,31.053466
3997.228000,31.057362
3997.710000,31.061212
3998.192000,31.064660
3998.674000,31.067447
3999.156000,31.069313
3999.638000,31.069999
4000.120000,31.069247
4000.602000,31.066796
